Bathrooms,Bedrooms,Built Year,Garage Space,Kitchens,Price,Square Feet,Property Type_Condominium,Property Type_Duplex,Property Type_Manufactured Home,Property Type_Multi Family,Property Type_Retail,Property Type_Single Family Residence,Property Type_Townhouse,Property Type_Unimproved Land,Property Type_Warehouse,City_Regina,City_Saskatoon
2,3,2013,1,1,334900,1260,0,0,0,0,1,0,0,0,0,0,1
4,4,2007,2,1,549900,1614,0,0,0,0,1,0,0,0,0,0,1
3,4,1977,2,1,599900,1684,0,0,0,0,0,1,0,0,0,1,0
2,2,2016,1,1,224900,938,1,0,0,0,0,0,0,0,0,0,1
4,4,2016,2,1,1549900,2887,0,0,0,0,1,0,0,0,0,0,1
2,3,1980,3,1,199900,1109,1,0,0,0,0,0,0,0,0,0,1
1,2,1979,1,1,159900,990,1,0,0,0,0,0,0,0,0,1,0
2,2,1980,1,1,439000,1528,1,0,0,0,0,0,0,0,0,0,1
1,3,1971,1,1,114900,899,0,0,1,0,0,0,0,0,0,0,1
4,5,2022,2,1,869900,2386,0,0,0,0,1,0,0,0,0,0,1
2,3,1973,2,1,124900,1034,0,0,0,0,1,0,0,0,0,1,0
1,2,1940,1,1,179000,801,0,0,0,0,0,1,0,0,0,1,0
1,2,1921,2,1,125000,780,0,0,0,0,0,1,0,0,0,1,0
1,1,1968,1,1,150000,751,1,0,0,0,0,0,0,0,0,0,1
4,5,2023,2,3,849900,2108,0,0,0,0,1,0,0,0,0,0,1
3,4,1969,2,2,629900,2255,0,0,0,0,1,0,0,0,0,1,0
1,4,1959,2,1,259000,1055,0,0,0,0,0,1,0,0,0,1,0
1,3,1959,1,1,244900,960,0,0,0,0,0,1,0,0,0,0,1
3,4,1982,2,1,549900,2700,0,0,0,0,1,0,0,0,0,0,1
3,3,2024,2,1,544600,1624,0,0,0,0,1,0,0,0,0,1,0
4,5,2024,2,1,609900,1450,0,0,0,0,0,1,0,0,0,0,1
3,4,2011,2,2,304900,975,0,0,0,0,0,1,0,0,0,1,0
2,3,1993,2,1,254900,1116,0,0,0,0,1,0,0,0,0,1,0
1,2,1912,1,1,137500,810,0,0,0,0,0,1,0,0,0,1,0
2,2,2014,1,1,424900,1240,1,0,0,0,0,0,0,0,0,1,0
1,1,1964,2,1,99900,637,1,0,0,0,0,0,0,0,0,1,0
1,2,1967,1,1,39900,700,0,0,1,0,0,0,0,0,0,1,0
2,3,2015,2,1,359900,1206,0,0,0,0,1,0,0,0,0,0,1
3,4,1995,2,1,699000,1852,0,0,0,0,0,1,0,0,0,0,1
1,1,1927,1,1,144900,533,0,0,0,0,0,1,0,0,0,0,1
3,3,2025,2,1,494900,1657,0,0,0,0,1,0,0,0,0,0,1
1,2,1946,2,1,189900,730,0,0,0,0,0,1,0,0,0,0,1
3,3,2024,3,1,832900,2227,0,0,0,0,1,0,0,0,0,0,1
4,4,2013,2,1,1188000,2720,0,0,0,0,1,0,0,0,0,1,0
1,4,1913,1,1,409900,1431,0,0,0,0,1,0,0,0,0,1,0
4,4,2018,2,1,1390000,2276,0,0,0,0,1,0,0,0,0,0,1
4,5,1912,1,2,349900,1987,0,0,0,0,1,0,0,0,0,1,0
4,4,2006,2,1,479800,1550,0,0,0,0,1,0,0,0,0,1,0
2,3,1975,2,1,219900,1016,0,0,0,0,1,0,0,0,0,1,0
2,5,1912,2,1,269900,1820,0,0,0,0,1,0,0,0,0,1,0
3,5,2001,1,1,416000,1148,0,0,0,0,0,1,0,0,0,0,1
1,2,1984,1,1,159900,840,0,0,0,0,0,0,1,0,0,0,1
4,5,1984,1,1,759000,2780,0,0,0,0,1,0,0,0,0,0,1
1,1,1914,2,1,299999,832,0,0,0,0,0,1,0,0,0,0,1
2,3,1915,1,1,329900,921,0,0,0,0,1,0,0,0,0,0,1
3,4,1918,2,2,399000,1665,0,0,0,0,0,1,0,0,0,1,0
1,3,1958,2,1,219900,950,0,0,0,0,0,1,0,0,0,0,1
1,2,1929,1,1,154900,1008,0,0,0,0,0,1,0,0,0,1,0
4,3,2016,2,1,389900,1308,0,0,0,0,1,0,0,0,0,0,1
1,2,2001,1,1,239900,943,0,0,0,0,0,0,1,0,0,0,1
4,4,2014,2,2,525000,1733,0,0,0,0,1,0,0,0,0,1,0
3,3,2024,2,1,443900,1485,0,0,0,0,1,0,0,0,0,1,0
1,3,1970,1,1,274900,1150,0,0,0,0,0,1,0,0,0,1,0
3,3,2018,2,1,534900,1738,0,0,0,0,1,0,0,0,0,0,1
4,4,2013,2,1,839000,2234,0,0,0,0,1,0,0,0,0,1,0
4,3,2011,3,1,1150000,2206,0,0,0,0,1,0,0,0,0,1,0
4,5,1931,1,2,459900,1447,0,0,0,0,0,1,0,0,0,0,1
4,4,2011,3,1,1549900,2345,0,0,0,0,1,0,0,0,0,0,1
4,3,2021,2,1,520000,1573,0,0,0,0,1,0,0,0,0,0,1
2,5,1971,2,2,439900,2148,0,1,0,0,0,0,0,0,0,0,1
3,3,2024,2,1,494900,1523,0,0,0,0,1,0,0,0,0,0,1
1,1,1960,1,1,314900,1306,0,0,0,0,0,0,0,0,1,0,1
4,4,2024,2,1,1299000,2324,0,0,0,0,1,0,0,0,0,0,1
3,4,2015,1,1,465000,1200,0,0,0,0,1,0,0,0,0,0,1
4,4,2015,2,1,889900,2240,0,0,0,0,1,0,0,0,0,0,1
1,1,1929,1,1,129900,714,0,0,0,0,0,1,0,0,0,1,0
3,5,1963,2,1,497000,1755,0,0,0,0,0,1,0,0,0,1,0
2,4,1963,1,1,244800,1060,0,0,0,0,0,1,0,0,0,1,0
2,5,1961,2,2,319900,1050,0,0,0,0,0,1,0,0,0,1,0
4,5,1914,1,3,465000,2087,0,0,0,0,1,0,0,0,0,0,1
1,2,1950,1,1,124900,624,0,0,0,0,0,1,0,0,0,1,0
1,4,1981,1,1,309900,1530,0,0,0,0,0,1,0,0,0,1,0
3,3,2011,1,1,380000,1415,0,0,0,0,1,0,0,0,0,1,0
4,4,2022,2,1,449000,1450,0,0,0,0,1,0,0,0,0,0,1
2,2,2019,1,1,699900,1065,1,0,0,0,0,0,0,0,0,0,1
3,3,2021,2,1,579900,1581,0,0,0,0,1,0,0,0,0,0,1
1,1,1967,1,1,169900,732,1,0,0,0,0,0,0,0,0,0,1
3,2,2024,1,1,329900,1056,0,0,0,0,1,0,0,0,0,1,0
3,5,1953,2,2,459900,1734,0,0,0,0,0,1,0,0,0,1,0
3,4,2025,2,1,1149900,2039,0,0,0,0,1,0,0,0,0,0,1
3,4,1926,1,1,999900,1600,0,0,0,0,1,0,0,0,0,0,1
4,5,1930,3,3,439900,2054,0,0,0,0,1,0,0,0,0,0,1
1,2,1955,1,2,219900,960,0,0,0,0,0,1,0,0,0,1,0
2,3,1985,1,1,164900,1057,1,0,0,0,0,0,0,0,0,1,0
4,5,2001,2,1,999900,3552,0,0,0,0,1,0,0,0,0,0,1
2,2,2016,1,1,269900,852,1,0,0,0,0,0,0,0,0,0,1
2,3,1952,1,2,145000,862,0,0,0,0,0,1,0,0,0,1,0
2,3,2009,2,1,288900,1083,0,0,0,0,0,0,1,0,0,0,1
2,4,1968,1,1,319900,1088,0,0,0,0,0,1,0,0,0,0,1
2,2,2007,1,1,269900,843,1,0,0,0,0,0,0,0,0,0,1
2,4,1954,1,1,80000,768,0,0,0,0,0,1,0,0,0,1,0
1,4,1922,1,1,209900,800,0,0,0,0,0,1,0,0,0,0,1
1,2,1961,2,1,249900,754,0,0,0,0,0,1,0,0,0,1,0
1,2,1959,1,1,269900,768,0,0,0,0,0,1,0,0,0,1,0
4,5,2014,2,1,724900,1896,0,0,0,0,1,0,0,0,0,0,1
4,3,2020,2,1,569900,1716,0,0,0,0,1,0,0,0,0,0,1
2,2,1987,1,1,209900,1109,1,0,0,0,0,0,0,0,0,1,0
2,3,1983,2,1,349950,952,0,0,0,0,0,1,0,0,0,1,0
2,3,2005,1,1,274900,1171,0,0,0,0,1,0,0,0,0,1,0
3,3,2024,2,1,457900,1515,0,0,0,0,1,0,0,0,0,1,0
2,3,2009,1,1,329900,1233,0,0,0,0,0,0,1,0,0,0,1
3,3,2024,1,1,363900,138,0,0,0,0,1,0,0,0,0,1,0
2,3,1978,1,1,269900,600,0,0,0,0,0,0,1,0,0,0,1
1,1,2012,1,1,229900,753,1,0,0,0,0,0,0,0,0,1,0
1,2,1984,1,1,179900,980,1,0,0,0,0,0,0,0,0,0,1
3,4,1982,2,1,549900,2700,0,0,0,0,1,0,0,0,0,0,1
4,5,1968,2,2,539900,2182,0,1,0,0,0,0,0,0,0,1,0
2,4,1929,1,1,269900,1120,0,1,0,0,0,0,0,0,0,1,0
3,2,2003,2,1,359900,1066,0,0,0,0,0,0,1,0,0,1,0
2,2,1912,2,1,199900,1312,0,0,0,0,1,0,0,0,0,1,0
3,3,2024,2,1,824900,2275,0,0,0,0,1,0,0,0,0,0,1
1,2,1948,1,1,199900,680,0,0,0,0,0,1,0,0,0,0,1
1,2,1974,2,1,104900,909,1,0,0,0,0,0,0,0,0,1,0
4,4,1969,2,1,799900,2596,0,0,0,0,1,0,0,0,0,1,0
3,4,1990,2,1,579900,1684,0,0,0,0,0,1,0,0,0,0,1
4,4,2010,2,1,729900,2250,0,0,0,0,1,0,0,0,0,0,1
3,4,2016,3,1,454900,1672,0,0,0,0,1,0,0,0,0,0,1
2,2,2008,2,1,239900,830,1,0,0,0,0,0,0,0,0,1,0
4,5,1977,1,3,489900,2650,0,0,0,0,1,0,0,0,0,1,0
2,5,1962,2,1,449900,1060,0,0,0,0,0,1,0,0,0,0,1
3,5,2017,2,1,759990,2379,0,0,0,0,1,0,0,0,0,1,0
4,4,2013,3,1,849900,2247,0,0,0,0,1,0,0,0,0,1,0
2,2,1970,1,1,399900,1155,1,0,0,0,0,0,0,0,0,0,1
4,5,2022,2,2,759899,2239,0,0,0,0,1,0,0,0,0,0,1
3,4,1978,1,1,314900,1057,0,0,0,0,0,1,0,0,0,1,0
4,4,2017,2,1,529900,1471,0,0,0,0,1,0,0,0,0,1,0
1,2,1928,1,1,25000,669,0,0,0,0,0,1,0,0,0,1,0
2,4,1970,2,1,359900,903,0,0,0,0,0,1,0,0,0,1,0
3,3,2006,2,1,569000,1795,0,0,0,0,1,0,0,0,0,0,1
2,5,1965,3,2,899900,1190,0,0,0,0,0,1,0,0,0,0,1
2,4,1964,1,1,199900,1038,0,0,0,0,0,1,0,0,0,1,0
3,4,1973,2,1,409900,1390,0,0,0,0,0,1,0,0,0,0,1
2,4,1912,1,1,275000,1831,0,0,0,0,1,0,0,0,0,1,0
1,2,1947,1,1,196900,616,0,0,0,0,0,1,0,0,0,0,1
2,3,1989,1,1,324900,930,0,0,0,0,0,0,1,0,0,0,1
2,2,1986,2,1,349900,1218,0,0,0,0,0,1,0,0,0,1,0
2,2,1990,1,2,184500,1453,1,0,0,0,0,0,0,0,0,1,0
2,2,2023,1,1,249900,1004,0,0,0,0,1,0,0,0,0,0,1
2,4,2016,2,1,399900,883,0,0,0,0,0,1,0,0,0,1,0
2,4,1966,1,1,274900,1052,0,0,0,0,0,1,0,0,0,1,0
1,2,1968,1,1,144900,990,1,0,0,0,0,0,0,0,0,0,1
2,4,1945,2,1,360000,1455,0,0,0,0,1,0,0,0,0,0,1
2,4,2010,1,2,329900,1020,0,0,0,0,0,1,0,0,0,1,0
2,3,1983,2,1,449900,1028,0,0,0,0,0,1,0,0,0,0,1
1,3,1920,2,1,64900,756,0,0,0,0,0,1,0,0,0,1,0
2,5,1964,2,1,405000,1047,0,0,0,0,0,1,0,0,0,0,1
2,2,2007,1,1,419900,1081,1,0,0,0,0,0,0,0,0,0,1
1,1,1950,0,1,239900,540,0,0,0,0,0,1,0,0,0,0,1
1,1,1968,1,1,118000,608,0,0,0,0,0,0,1,0,0,0,1
1,2,1978,0,1,89988,763,1,0,0,0,0,0,0,0,0,0,1
2,2,1930,0,1,319900,840,0,0,0,0,1,0,0,0,0,0,1
3,3,2024,2,1,491900,1581,0,0,0,0,1,0,0,0,0,0,1
3,3,1995,2,1,1450000,3244,0,0,0,0,0,1,0,0,0,1,0
3,5,1985,2,2,618800,1893,0,0,0,0,1,0,0,0,0,0,1
2,1,1984,1,1,389900,983,1,0,0,0,0,0,0,0,0,0,1
1,2,2008,2,1,189900,897,0,0,0,0,0,0,1,0,0,1,0
3,3,2024,2,1,459900,1505,0,0,0,0,1,0,0,0,0,0,1
2,2,2006,2,1,239900,946,0,0,0,0,1,0,0,0,0,1,0
1,2,1908,1,1,254900,1214,1,0,0,0,0,0,0,0,0,1,0
2,4,1960,2,1,319900,947,0,0,0,0,0,1,0,0,0,0,1
3,3,1927,2,1,339900,1403,0,0,0,0,1,0,0,0,0,1,0
2,4,1952,2,1,389900,960,0,0,0,0,0,1,0,0,0,1,0
2,3,1977,2,1,339900,1036,0,0,0,0,0,1,0,0,0,1,0
4,4,1982,2,1,599900,2527,0,0,0,0,1,0,0,0,0,0,1
3,3,2024,2,1,489900,1581,0,0,0,0,1,0,0,0,0,0,1
2,2,2012,1,1,310000,1087,1,0,0,0,0,0,0,0,0,1,0
3,3,2023,2,1,829900,1915,0,0,0,0,1,0,0,0,0,0,1
4,4,2000,2,1,1099900,2915,0,0,0,0,1,0,0,0,0,0,1
2,4,1957,2,1,399900,1195,0,0,0,0,0,1,0,0,0,0,1
1,2,1953,1,1,130000,660,0,0,0,0,0,1,0,0,0,1,0
2,3,1999,1,1,139900,1280,0,0,1,0,0,0,0,0,0,1,0
1,3,1910,1,1,79900,776,0,0,0,0,0,1,0,0,0,1,0
4,5,2011,2,1,843000,2612,0,0,0,0,1,0,0,0,0,1,0
2,4,1963,1,2,319999,1071,0,0,0,0,0,1,0,0,0,1,0
1,3,1962,2,1,134000,800,0,0,0,0,0,1,0,0,0,1,0
4,4,1995,2,1,879900,2613,0,0,0,0,1,0,0,0,0,0,1
2,3,1958,1,2,279900,1025,0,0,0,0,0,1,0,0,0,1,0
3,3,2024,1,1,384900,1340,0,0,0,0,1,0,0,0,0,1,0
1,2,1949,2,1,167000,610,0,0,0,0,0,1,0,0,0,1,0
2,4,1929,2,1,194000,870,0,0,0,0,0,1,0,0,0,1,0
3,3,2017,2,1,489000,1456,0,0,0,0,1,0,0,0,0,0,1
3,3,1998,1,1,315000,1113,0,0,0,0,1,0,0,0,0,0,1
2,2,1912,1,1,227500,1198,0,0,0,0,1,0,0,0,0,1,0
1,3,1928,1,1,179900,755,0,0,0,0,0,1,0,0,0,1,0
2,2,1985,1,1,484900,1616,0,0,0,0,0,0,1,0,0,0,1
2,1,1970,1,1,409900,1146,0,0,0,0,0,0,0,0,1,0,1
1,2,1984,1,1,165000,883,1,0,0,0,0,0,0,0,0,0,1
4,4,2003,2,1,489900,1795,0,0,0,0,1,0,0,0,0,1,0
2,2,1966,1,1,239900,780,0,0,0,0,0,1,0,0,0,0,1
1,1,1911,2,1,99900,567,1,0,0,0,0,0,0,0,0,1,0
4,5,1988,3,1,2099900,3347,0,0,0,0,1,0,0,0,0,0,1
1,3,1927,1,1,179000,1161,0,0,0,0,0,1,0,0,0,1,0
1,2,1979,1,1,169900,990,1,0,0,0,0,0,0,0,0,1,0
1,3,1924,1,1,244900,1150,0,0,0,0,0,1,0,0,0,1,0
2,1,1984,1,1,399000,984,1,0,0,0,0,0,0,0,0,0,1
3,3,1975,2,1,249900,1593,0,0,0,0,1,0,0,0,0,1,0
1,3,1948,2,1,230000,937,0,0,0,0,0,1,0,0,0,1,0
3,5,1976,1,1,449000,1431,0,0,0,0,0,1,0,0,0,0,1
3,3,2022,2,1,569900,1625,0,0,0,0,1,0,0,0,0,0,1
2,4,2014,2,2,249888,905,0,0,0,0,0,1,0,0,0,1,0
4,5,2013,2,1,369500,2400,0,0,0,0,1,0,0,0,0,0,1
2,4,1983,2,1,329900,832,0,0,0,0,0,1,0,0,0,1,0
3,3,2023,1,1,456700,1476,0,0,0,0,1,0,0,0,0,1,0
3,5,2024,2,2,379900,1422,0,0,0,0,0,1,0,0,0,1,0
2,4,1924,2,2,499900,2772,0,0,0,0,1,0,0,0,0,0,1
1,2,1973,1,1,159900,808,1,0,0,0,0,0,0,0,0,0,1
2,5,1965,1,1,325000,864,0,0,0,0,0,1,0,0,0,0,1
3,3,1928,1,1,685000,1776,0,0,0,0,1,0,0,0,0,0,1
2,2,2019,0,1,244900,1004,0,0,0,0,0,0,1,0,0,0,1
4,4,2015,1,1,419900,1329,0,0,0,0,1,0,0,0,0,0,1
2,2,1985,1,1,209900,1184,1,0,0,0,0,0,0,0,0,0,1
2,2,1948,2,1,299900,1340,0,0,0,0,1,0,0,0,0,0,1
4,4,2014,2,2,379900,1450,0,0,0,0,1,0,0,0,0,0,1
2,3,1912,1,1,349900,1284,0,0,0,0,1,0,0,0,0,0,1
1,4,1963,1,1,314000,1494,0,0,0,0,0,1,0,0,0,1,0
3,5,1965,1,1,599900,1414,0,0,0,0,1,0,0,0,0,0,1
3,3,1976,1,1,359999,1200,0,0,0,0,0,1,0,0,0,1,0
2,2,2016,0,1,233500,938,1,0,0,0,0,0,0,0,0,0,1
2,4,1975,1,1,219900,1016,0,0,0,0,1,0,0,0,0,1,0
4,4,2010,1,1,264900,1797,1,0,0,0,0,0,0,0,0,0,1
4,4,2011,2,2,679000,1990,0,0,0,0,1,0,0,0,0,0,1
1,2,1950,1,1,159900,680,0,0,0,0,0,1,0,0,0,0,1
1,2,1954,1,1,304900,700,0,0,0,0,0,1,0,0,0,0,1
4,4,2014,2,1,479900,1402,0,0,0,0,1,0,0,0,0,1,0
2,4,2024,1,1,374900,1459,0,0,0,0,1,0,0,0,0,0,1
1,2,1976,1,1,99000,909,0,0,0,0,0,0,1,0,0,1,0
4,4,1992,2,1,585000,1924,0,0,0,0,1,0,0,0,0,1,0
3,3,2011,2,1,469900,1660,0,0,0,0,1,0,0,0,0,1,0
1,2,1921,1,1,119900,620,0,0,0,0,0,1,0,0,0,0,1
3,3,1983,2,1,649900,2363,0,0,0,0,1,0,0,0,0,0,1
2,5,1957,1,2,310000,1152,0,0,0,0,0,1,0,0,0,0,1
3,5,2003,2,1,694900,1747,0,0,0,0,0,1,0,0,0,0,1
3,3,2024,1,1,384900,1340,0,0,0,0,1,0,0,0,0,1,0
1,2,2006,1,1,214900,872,1,0,0,0,0,0,0,0,0,0,1
3,3,2024,2,1,459900,1404,0,0,0,0,1,0,0,0,0,0,1
1,1,1968,0,1,109900,628,1,0,0,0,0,0,0,0,0,0,1
2,5,1978,2,1,286900,993,0,0,0,0,0,1,0,0,0,1,0
1,3,1928,1,1,100000,880,0,0,0,0,0,1,0,0,0,1,0
3,2,2016,1,1,359900,1000,0,0,0,0,1,0,0,0,0,0,1
3,3,2012,2,1,389900,1304,0,0,0,0,1,0,0,0,0,1,0
2,4,1945,1,1,304900,792,0,0,0,0,0,1,0,0,0,1,0
3,3,1961,1,1,429900,1798,0,0,0,0,0,1,0,0,0,1,0
3,3,2024,1,1,485900,1460,0,0,0,0,1,0,0,0,0,0,1
3,5,1912,1,3,535000,1980,0,0,0,0,1,0,0,0,0,0,1
2,2,2001,2,1,369900,1216,1,0,0,0,0,0,0,0,0,0,1
1,1,1979,2,1,77900,646,1,0,0,0,0,0,0,0,0,1,0
4,5,1966,3,1,949900,3239,0,0,0,0,1,0,0,0,0,0,1
2,5,1951,2,2,339900,1236,0,0,0,0,0,1,0,0,0,1,0
2,2,1990,1,1,379900,1798,1,0,0,0,0,0,0,0,0,1,0
2,2,2015,1,1,429900,1261,1,0,0,0,0,0,0,0,0,0,1
3,2,2024,2,1,434900,1107,0,0,0,0,1,0,0,0,0,0,1
2,3,1978,0,1,369000,1320,0,0,0,0,0,1,0,0,0,0,1
4,5,1977,1,3,489900,2650,0,0,0,0,1,0,0,0,0,1,0
4,5,2018,2,2,824000,1759,0,0,0,0,1,0,0,0,0,0,1
4,5,2014,3,1,874900,1901,0,0,0,0,1,0,0,0,0,1,0
2,4,1962,2,1,369900,1210,0,0,0,0,0,1,0,0,0,1,0
2,4,2010,1,2,329900,1020,0,0,0,0,0,1,0,0,0,1,0
3,3,1980,1,1,427600,1525,0,0,0,0,1,0,0,0,0,0,1
2,3,2015,1,1,294900,1256,0,0,0,0,0,0,1,0,0,0,1
2,3,1949,1,1,125000,640,0,0,0,0,0,1,0,0,0,1,0
1,2,1965,2,1,330000,1440,0,1,0,0,0,0,0,0,0,1,0
4,4,2006,2,1,499900,1722,0,0,0,0,1,0,0,0,0,1,0
2,2,2012,1,1,389900,1356,1,0,0,0,0,0,0,0,0,1,0
3,2,1976,1,1,279900,1060,0,0,0,0,0,1,0,0,0,0,1
1,2,1982,1,1,129900,829,1,0,0,0,0,0,0,0,0,0,1
4,5,2015,2,1,1099000,3163,0,0,0,0,1,0,0,0,0,0,1
2,3,1948,1,2,299900,850,0,0,0,0,0,1,0,0,0,0,1
2,2,2011,2,1,547900,1256,0,0,0,0,0,0,1,0,0,1,0
3,2,2005,1,1,329900,1181,0,0,0,0,1,0,0,0,0,1,0
3,4,1976,1,1,349000,1267,0,0,0,0,0,1,0,0,0,1,0
3,5,2008,2,1,778900,1772,0,0,0,0,0,1,0,0,0,1,0
2,2,1925,1,1,298000,935,0,0,0,0,0,1,0,0,0,1,0
1,1,1934,0,1,245000,608,0,0,0,0,0,1,0,0,0,0,1
4,4,2014,2,1,635000,2109,0,0,0,0,1,0,0,0,0,1,0
2,3,1961,2,1,239900,1200,0,0,0,0,1,0,0,0,0,1,0
4,4,2013,2,1,390000,1816,0,0,0,0,1,0,0,0,0,1,0
4,5,2018,2,1,1249000,2173,0,0,0,0,0,1,0,0,0,1,0
1,1,1982,1,1,139000,667,1,0,0,0,0,0,0,0,0,0,1
3,3,2013,2,1,829900,2295,0,0,0,0,1,0,0,0,0,0,1
1,3,1920,1,1,154900,784,0,0,0,0,0,1,0,0,0,1,0
3,4,1978,1,1,314900,1057,0,0,0,0,0,1,0,0,0,1,0
2,2,2009,1,1,624900,1346,1,0,0,0,0,0,0,0,0,0,1
3,3,2018,1,1,379900,1120,0,0,0,0,1,0,0,0,0,0,1
3,5,1999,2,1,610000,1266,0,0,0,0,0,1,0,0,0,0,1
4,5,2004,2,1,829900,2280,0,0,0,0,1,0,0,0,0,0,1
1,1,1914,1,1,129900,442,1,0,0,0,0,0,0,0,0,1,0
3,4,1986,2,1,389900,1302,0,0,0,0,0,1,0,0,0,1,0
4,5,2019,3,3,2300000,3448,0,0,0,0,1,0,0,0,0,1,0
3,4,2024,2,1,562900,1830,0,0,0,0,1,0,0,0,0,1,0
2,1,1912,1,1,379900,1518,0,0,0,0,0,0,0,0,1,0,1
4,5,1978,2,1,559900,2090,0,0,0,0,1,0,0,0,0,0,1
3,4,1967,2,1,589900,2420,0,0,0,0,1,0,0,0,0,0,1
3,3,2023,1,1,825900,1605,0,0,0,0,0,0,1,0,0,0,1
1,2,1943,1,1,150000,544,0,0,0,0,0,1,0,0,0,1,0
1,4,1920,0,1,150000,707,0,0,0,0,0,1,0,0,0,0,1
2,4,1953,1,2,449900,1096,0,0,0,0,0,1,0,0,0,0,1
1,2,2013,2,1,232900,954,0,0,0,0,0,0,1,0,0,0,1
2,4,1964,1,1,330000,1178,0,0,0,0,0,1,0,0,0,1,0
4,5,1968,2,1,569900,2252,0,0,0,0,1,0,0,0,0,0,1
4,5,2009,0,2,234000,1373,0,0,0,0,1,0,0,0,0,0,1
1,2,1911,2,1,90000,717,0,0,0,0,0,1,0,0,0,1,0
3,3,1995,2,1,1450000,3244,0,0,0,0,0,1,0,0,0,1,0
2,3,1921,1,1,209900,800,0,0,0,0,0,1,0,0,0,0,1
3,5,2008,2,2,649900,1308,0,0,0,0,0,1,0,0,0,0,1
1,3,1922,2,1,199900,1034,0,0,0,0,0,1,0,0,0,1,0
3,4,1995,2,1,449900,1298,0,0,0,0,0,1,0,0,0,1,0
1,1,1968,1,1,209900,732,1,0,0,0,0,0,0,0,0,0,1
2,2,2010,1,1,399900,1078,1,0,0,0,0,0,0,0,0,0,1
2,2,2012,1,1,262900,909,0,0,0,0,1,0,0,0,0,1,0
4,4,2013,2,1,549000,1324,0,0,0,0,1,0,0,0,0,0,1
1,2,1983,1,1,154000,884,1,0,0,0,0,0,0,0,0,0,1
4,4,2010,2,1,499900,1498,0,0,0,0,1,0,0,0,0,1,0
1,0,1967,2,1,74000,301,1,0,0,0,0,0,0,0,0,1,0
4,5,1959,2,3,450000,3600,0,0,0,0,1,0,0,0,0,1,0
3,4,2001,2,1,859000,1919,0,0,0,0,0,1,0,0,0,1,0
4,4,2013,1,1,435000,1803,0,0,0,0,1,0,0,0,0,0,1
3,3,2023,1,1,447900,1412,0,0,0,0,1,0,0,0,0,1,0
2,4,1952,1,2,319900,963,0,0,0,0,0,1,0,0,0,0,1
2,2,1993,1,1,314900,1076,1,0,0,0,0,0,0,0,0,0,1
3,5,1972,1,1,343500,1120,0,0,0,0,0,1,0,0,0,0,1
3,5,1929,1,2,474900,2164,0,0,0,0,1,0,0,0,0,0,1
2,2,2007,1,1,469900,1069,1,0,0,0,0,0,0,0,0,0,1
2,3,2015,2,1,364900,1200,0,0,0,0,1,0,0,0,0,0,1
3,4,2014,2,2,423900,1080,0,0,0,0,1,0,0,0,0,1,0
3,4,1973,2,1,615000,2262,0,0,0,0,1,0,0,0,0,1,0
2,3,1954,2,1,292000,815,0,0,0,0,0,1,0,0,0,1,0
4,5,1968,1,3,565000,1278,0,0,0,0,0,1,0,0,0,0,1
2,1,1984,1,1,429900,983,1,0,0,0,0,0,0,0,0,0,1
3,3,2024,2,1,699900,1619,0,0,0,0,1,0,0,0,0,0,1
3,4,1978,1,1,314900,1057,0,0,0,0,0,1,0,0,0,1,0
2,3,1976,1,1,244000,1467,0,0,0,0,0,0,1,0,0,1,0
4,4,2009,2,1,599900,2195,0,0,0,0,1,0,0,0,0,1,0
1,2,1980,1,1,184900,872,1,0,0,0,0,0,0,0,0,0,1
1,2,1921,1,1,269900,816,0,0,0,0,0,1,0,0,0,1,0
2,5,1974,1,1,309900,1076,0,0,0,0,0,1,0,0,0,1,0
3,3,2024,2,1,457900,1515,0,0,0,0,1,0,0,0,0,1,0
2,3,1955,1,1,317000,1069,0,0,0,0,0,1,0,0,0,1,0
1,2,1929,2,1,115000,720,0,0,0,0,0,1,0,0,0,1,0
4,5,2012,2,1,739000,2305,0,0,0,0,1,0,0,0,0,0,1
2,5,1957,2,2,409900,1110,0,0,0,0,0,1,0,0,0,0,1
1,3,1918,2,1,199000,954,0,0,0,0,0,1,0,0,0,1,0
1,3,1959,1,1,339900,960,0,0,0,0,0,1,0,0,0,0,1
1,2,1982,1,1,139900,829,1,0,0,0,0,0,0,0,0,0,1
3,5,2015,3,2,419900,1536,0,0,0,0,1,0,0,0,0,0,1
3,3,1978,0,1,340000,1259,0,0,0,0,0,1,0,0,0,0,1
2,4,1962,2,1,369900,1210,0,0,0,0,0,1,0,0,0,1,0
3,4,1980,2,1,539900,1968,0,0,0,0,1,0,0,0,0,1,0
1,1,1979,0,1,74900,653,1,0,0,0,0,0,0,0,0,0,1
1,3,1948,1,1,199900,900,0,0,0,0,0,1,0,0,0,0,1
3,4,1982,1,1,315000,1070,0,0,0,0,0,1,0,0,0,1,0
3,4,1990,2,1,579900,1684,0,0,0,0,0,1,0,0,0,0,1
2,4,1973,1,1,389000,1390,0,0,0,0,0,1,0,0,0,1,0
3,3,1995,2,1,1450000,3244,0,0,0,0,0,1,0,0,0,1,0
2,4,1979,1,1,319500,1059,0,0,0,0,0,1,0,0,0,1,0
3,3,2024,1,1,384900,1340,0,0,0,0,1,0,0,0,0,1,0
3,2,2010,1,1,639900,1875,1,0,0,0,0,0,0,0,0,0,1
2,3,1968,2,1,272700,1072,0,0,0,0,0,1,0,0,0,1,0
4,4,1979,2,1,629900,2405,0,0,0,0,1,0,0,0,0,0,1
3,3,2011,1,1,359900,1250,0,0,0,0,1,0,0,0,0,0,1
3,3,2024,2,1,499900,1523,0,0,0,0,1,0,0,0,0,0,1
1,2,1974,1,1,49900,576,0,0,1,0,0,0,0,0,0,0,1
2,3,1965,1,1,219900,1120,0,0,0,0,1,0,0,0,0,0,1
1,4,1981,1,1,309900,1530,0,0,0,0,0,1,0,0,0,1,0
3,4,1974,2,2,399900,1916,0,0,0,0,1,0,0,0,0,1,0
2,5,2014,1,2,429900,1033,0,0,0,0,0,1,0,0,0,1,0
2,4,1967,1,1,429999,1008,0,0,0,0,0,1,0,0,0,0,1
2,2,1953,1,1,399900,1478,1,0,0,0,0,0,0,0,0,1,0
2,2,2012,1,1,339900,1055,1,0,0,0,0,0,0,0,0,1,0
1,2,1947,1,1,99900,480,0,0,0,0,0,1,0,0,0,1,0
3,5,1973,2,1,449800,1142,0,0,0,0,0,1,0,0,0,0,1
4,5,2005,3,1,2099900,2868,0,0,0,0,1,0,0,0,0,0,1
3,3,1912,1,1,509900,2242,0,0,0,0,1,0,0,0,0,0,1
3,5,1958,0,3,639900,2228,0,0,0,0,1,0,0,0,0,0,1
3,2,1996,1,1,469900,1582,0,0,0,0,1,0,0,0,0,0,1
2,3,1980,1,1,219900,1109,1,0,0,0,0,0,0,0,0,0,1
3,5,2014,3,1,975000,1800,0,0,0,0,0,1,0,0,0,0,1
3,3,2024,2,1,544900,1657,0,0,0,0,1,0,0,0,0,1,0
2,1,1991,2,1,344900,1172,1,0,0,0,0,0,0,0,0,0,1
1,5,1908,1,1,258000,1705,0,0,0,0,1,0,0,0,0,1,0
3,4,2014,2,1,429900,1280,0,0,0,0,1,0,0,0,0,1,0
4,4,2017,2,2,1179900,2014,0,0,0,0,1,0,0,0,0,1,0
1,1,1987,1,1,124900,893,1,0,0,0,0,0,0,0,0,1,0
3,5,1978,2,1,539900,1405,0,0,0,0,0,1,0,0,0,0,1
1,2,2012,2,1,196000,861,0,0,0,0,0,0,1,0,0,1,0
3,5,2013,2,1,709000,1772,0,0,0,0,0,1,0,0,0,1,0
3,4,1975,2,1,599000,1367,0,0,0,0,0,1,0,0,0,0,1
3,3,2024,2,1,489900,1523,0,0,0,0,1,0,0,0,0,0,1
3,4,2007,2,1,369990,1156,0,0,0,0,1,0,0,0,0,0,1
4,4,2014,3,1,714900,2161,0,0,0,0,1,0,0,0,0,1,0
2,2,2019,1,1,539900,815,1,0,0,0,0,0,0,0,0,0,1
3,4,1963,2,1,379900,1835,0,0,0,0,0,1,0,0,0,1,0
3,4,1965,1,1,334900,1084,0,0,0,0,0,1,0,0,0,1,0
3,4,1980,3,2,749900,1877,0,0,0,0,0,1,0,0,0,0,1
3,3,2024,2,1,384900,1456,0,0,0,0,1,0,0,0,0,0,1
3,3,2016,2,1,679900,1646,0,0,0,0,1,0,0,0,0,0,1
2,2,2013,1,1,263000,947,1,0,0,0,0,0,0,0,0,1,0
2,5,1958,1,2,364900,1080,0,0,0,0,0,1,0,0,0,0,1
4,5,2023,2,2,534900,1280,0,0,0,0,0,1,0,0,0,0,1
2,5,1953,2,2,367900,967,0,0,0,0,0,1,0,0,0,1,0
3,5,1971,3,1,485000,1776,0,0,0,0,0,1,0,0,0,1,0
3,4,2012,2,1,749900,1507,0,0,0,0,0,1,0,0,0,1,0
2,3,1988,1,1,342900,808,0,0,0,0,0,1,0,0,0,0,1
2,2,2014,1,1,214900,818,1,0,0,0,0,0,0,0,0,1,0
2,3,2013,1,1,283838,1254,0,0,0,0,0,0,1,0,0,0,1
2,3,1986,1,1,360000,887,0,0,0,0,0,1,0,0,0,1,0
2,2,2013,1,1,299900,926,1,0,0,0,0,0,0,0,0,1,0
4,5,2017,2,3,685000,1619,0,0,0,0,0,1,0,0,0,0,1
1,3,1947,2,1,199900,1000,0,0,0,0,0,1,0,0,0,1,0
2,3,1985,1,1,164900,1057,1,0,0,0,0,0,0,0,0,1,0
3,3,2021,2,1,559900,1625,0,0,0,0,1,0,0,0,0,0,1
3,5,1930,0,2,250000,1332,0,0,0,0,1,0,0,0,0,0,1
4,5,1911,2,2,629900,4057,0,0,0,0,1,0,0,0,0,1,0
3,3,1994,2,1,870000,1728,0,0,0,0,0,1,0,0,0,1,0
2,2,2023,1,1,259900,1030,0,0,0,0,1,0,0,0,0,0,1
3,4,1969,2,1,839900,1839,0,0,0,0,0,1,0,0,0,0,1
2,4,1958,2,1,595000,1599,0,0,0,0,0,1,0,0,0,1,0
3,3,1969,1,1,329900,1040,0,0,0,0,0,1,0,0,0,0,1
1,1,2016,1,1,252900,602,1,0,0,0,0,0,0,0,0,0,1
4,5,1984,1,2,587000,2240,0,0,0,0,1,0,0,0,0,0,1
3,3,2024,1,1,505900,1526,0,0,0,0,1,0,0,0,0,0,1
2,5,1967,1,2,399000,1704,0,1,0,0,0,0,0,0,0,1,0
2,2,1913,1,1,349900,1511,0,0,0,0,1,0,0,0,0,1,0
2,2,2012,1,1,310000,1087,1,0,0,0,0,0,0,0,0,1,0
2,2,2023,2,1,489900,1381,0,0,0,0,0,1,0,0,0,1,0
1,3,1921,2,1,254900,1189,0,0,0,0,1,0,0,0,0,0,1
4,5,1968,2,1,429900,2079,0,0,0,0,0,1,0,0,0,1,0
1,3,1920,2,1,254900,1160,0,0,0,0,0,1,0,0,0,0,1
3,3,1978,2,1,340000,1259,0,0,0,0,0,1,0,0,0,0,1
2,4,1976,1,1,329900,924,0,0,0,0,0,1,0,0,0,1,0
4,4,1991,2,1,1148000,2765,0,0,0,0,1,0,0,0,0,1,0
4,5,2013,3,1,655000,2103,0,0,0,0,1,0,0,0,0,0,1
2,3,2013,1,1,209900,1141,0,0,0,0,1,0,0,0,0,1,0
1,1,1969,1,1,129900,608,1,0,0,0,0,0,0,0,0,0,1
4,4,2016,2,1,875000,1790,0,0,0,0,1,0,0,0,0,1,0
1,2,1982,1,1,172900,850,1,0,0,0,0,0,0,0,0,0,1
4,4,2023,3,1,949000,2559,0,0,0,0,1,0,0,0,0,1,0
4,4,1992,2,1,565000,2095,0,0,0,0,1,0,0,0,0,1,0
1,2,1957,1,1,189900,711,0,0,0,0,0,1,0,0,0,1,0
2,2,1960,2,1,439900,1480,1,0,0,0,0,0,0,0,0,0,1
2,2,2005,1,1,270000,1182,0,0,0,0,1,0,0,0,0,0,1
4,5,2008,2,1,504900,1208,0,0,0,0,0,1,0,0,0,0,1
1,2,1967,1,1,189900,1008,0,0,0,0,0,0,1,0,0,0,1
2,3,1920,2,1,364500,1386,0,0,0,0,1,0,0,0,0,1,0
1,2,1954,2,1,81900,780,0,0,0,0,0,1,0,0,0,1,0
3,5,1977,2,1,549900,1322,0,0,0,0,0,1,0,0,0,0,1
2,3,1984,1,1,599000,2130,1,0,0,0,0,0,0,0,0,0,1
3,3,2014,1,1,364900,1265,0,0,0,0,1,0,0,0,0,0,1
3,3,1975,2,1,164900,1177,0,0,0,0,0,1,0,0,0,1,0
2,4,1962,3,3,359999,1196,0,0,0,0,0,1,0,0,0,1,0
2,3,2003,0,1,279000,1124,0,0,0,0,1,0,0,0,0,0,1
4,3,1983,2,1,659900,2750,0,0,0,0,1,0,0,0,0,1,0
3,3,2015,2,1,509900,1690,0,0,0,0,1,0,0,0,0,0,1
2,5,1949,1,2,209900,1072,0,0,0,0,0,1,0,0,0,1,0
2,5,1964,2,1,189900,1029,0,0,0,0,0,1,0,0,0,1,0
4,4,2021,2,1,625000,1576,0,0,0,0,1,0,0,0,0,1,0
4,3,2004,3,1,1397500,2706,0,0,0,0,0,1,0,0,0,0,1
1,1,1969,1,1,140000,643,0,0,0,0,1,0,0,0,0,0,1
1,1,2015,1,1,204000,605,1,0,0,0,0,0,0,0,0,0,1
2,2,2012,2,1,309900,829,0,0,0,0,0,0,1,0,0,1,0
1,2,1924,2,1,189000,720,0,0,0,0,0,1,0,0,0,1,0
3,3,2016,2,1,525000,1509,0,0,0,0,1,0,0,0,0,1,0
1,3,2004,2,1,234900,1008,0,0,0,0,1,0,0,0,0,1,0
1,2,1928,2,1,129900,756,0,0,0,0,0,1,0,0,0,1,0
4,5,2008,2,1,504900,1208,0,0,0,0,0,1,0,0,0,0,1
1,2,1952,1,1,175000,986,0,0,0,0,1,0,0,0,0,0,1
2,5,1957,2,2,289900,1040,0,0,0,0,0,1,0,0,0,0,1
4,5,1956,3,1,1599000,2095,0,0,0,0,0,1,0,0,0,0,1
4,5,2011,2,2,459900,1551,0,0,0,0,1,0,0,0,0,1,0
2,3,2010,2,1,349900,1880,0,0,0,0,1,0,0,0,0,1,0
1,2,1976,0,1,89900,950,0,0,1,0,0,0,0,0,0,0,1
2,2,2010,1,1,219900,1058,1,0,0,0,0,0,0,0,0,1,0
2,2,1953,1,1,139900,672,0,0,0,0,0,1,0,0,0,1,0
2,3,1963,1,1,595000,1226,0,0,0,0,0,1,0,0,0,0,1
1,1,1936,0,1,180000,604,0,0,0,0,0,1,0,0,0,0,1
2,3,2024,2,1,549900,1415,0,0,0,0,0,1,0,0,0,1,0
3,5,1976,2,1,1575000,2144,0,0,0,0,0,1,0,0,0,0,1
1,2,1912,2,1,199900,678,0,0,0,0,0,1,0,0,0,0,1
2,3,2012,1,1,279900,966,0,0,0,0,1,0,0,0,0,1,0
2,3,1965,3,1,499500,1023,0,0,0,0,0,1,0,0,0,0,1
4,4,1983,2,1,449900,1562,0,0,0,0,1,0,0,0,0,0,1
4,4,1978,2,1,795000,2522,0,0,0,0,1,0,0,0,0,0,1
2,4,1973,1,1,319900,864,0,0,0,0,0,1,0,0,0,0,1
1,2,2013,2,1,206900,880,0,0,0,0,0,0,1,0,0,1,0
3,4,1985,1,2,449900,995,0,0,0,0,0,1,0,0,0,0,1
2,3,1965,2,1,324900,1340,0,0,0,0,0,1,0,0,0,1,0
4,4,1978,2,3,354000,2630,0,0,0,0,1,0,0,0,0,1,0
1,3,1946,0,1,149900,704,0,0,0,0,0,1,0,0,0,0,1
2,3,1962,1,1,349900,1504,0,0,0,0,0,1,0,0,0,1,0
2,3,1944,1,2,262900,888,0,0,0,0,0,1,0,0,0,0,1
1,2,1974,2,1,99900,909,1,0,0,0,0,0,0,0,0,1,0
3,4,2017,2,1,739000,1916,0,0,0,0,0,1,0,0,0,1,0
2,3,2015,2,1,349900,1200,0,0,0,0,1,0,0,0,0,0,1
4,4,2024,2,2,469900,1250,0,0,0,0,1,0,0,0,0,1,0
2,2,2012,1,1,379900,1346,0,0,0,0,0,0,1,0,0,1,0
2,3,2024,2,1,664900,1415,0,0,0,0,1,0,0,0,0,0,1
2,5,1988,3,2,499900,1380,0,1,0,0,0,0,0,0,0,0,1
3,3,2016,3,1,899900,1701,0,0,0,0,0,1,0,0,0,0,1
1,2,1927,1,1,169910,660,0,0,0,0,0,1,0,0,0,1,0
3,5,1975,2,1,389900,1124,0,0,0,0,0,1,0,0,0,1,0
4,5,2015,2,3,425000,2584,0,0,0,0,1,0,0,0,0,1,0
3,3,2009,2,1,479900,1118,0,0,0,0,0,0,1,0,0,1,0
2,4,1964,2,1,329900,1165,0,0,0,0,0,1,0,0,0,1,0
2,4,1971,2,1,305900,850,0,0,0,0,0,1,0,0,0,1,0
4,5,1990,2,1,968900,4436,0,0,0,0,1,0,0,0,0,1,0
2,2,2013,1,1,408800,1453,1,0,0,0,0,0,0,0,0,1,0
2,5,1978,2,1,286900,993,0,0,0,0,0,1,0,0,0,1,0
1,3,1945,1,1,124900,884,0,0,0,0,0,1,0,0,0,0,1
4,4,1927,2,1,789900,2400,0,0,0,0,1,0,0,0,0,0,1
4,4,2013,2,1,1299900,3457,0,0,0,0,0,1,0,0,0,1,0
2,3,1944,1,1,199900,760,0,0,0,0,0,1,0,0,0,0,1
4,5,2011,3,1,2250000,3351,0,0,0,0,0,1,0,0,0,0,1
2,2,2024,0,1,189900,924,0,0,1,0,0,0,0,0,0,0,1
2,2,2012,1,1,269900,943,0,0,0,0,1,0,0,0,0,1,0
2,3,2013,2,1,599000,1415,0,0,0,0,0,1,0,0,0,0,1
2,3,1964,1,1,335000,1608,0,1,0,0,0,0,0,0,0,1,0
4,5,2009,0,1,229000,1845,0,0,0,0,1,0,0,0,0,0,1
3,5,1976,1,1,379900,1000,0,0,0,0,0,1,0,0,0,0,1
3,3,1932,2,1,829900,2093,0,0,0,0,1,0,0,0,0,0,1
2,4,1926,1,1,94900,660,0,0,0,0,0,1,0,0,0,1,0
2,1,2016,1,1,474900,972,1,0,0,0,0,0,0,0,0,0,1
2,5,1974,1,1,309900,1076,0,0,0,0,0,1,0,0,0,1,0
4,5,1921,1,2,292000,1907,0,0,0,0,1,0,0,0,0,0,1
4,5,1952,2,1,655900,1346,0,0,0,0,1,0,0,0,0,0,1
2,2,2008,1,1,315000,1153,1,0,0,0,0,0,0,0,0,1,0
3,3,1929,1,1,399900,1335,0,0,0,0,1,0,0,0,0,0,1
3,3,2013,2,1,579800,2108,0,0,0,0,1,0,0,0,0,1,0
1,2,1968,1,1,277900,941,1,0,0,0,0,0,0,0,0,0,1
1,3,1976,2,1,127500,924,0,0,0,0,0,1,0,0,0,1,0
2,4,1976,1,2,357900,1182,0,0,0,0,0,1,0,0,0,0,1
1,1,2012,1,1,259900,829,0,0,0,0,0,0,1,0,0,1,0
1,1,1941,1,1,163000,824,0,0,0,0,0,1,0,0,0,0,1
2,3,1973,2,1,369900,1248,0,0,0,0,0,1,0,0,0,1,0
3,4,1986,2,1,376900,1013,0,0,0,0,0,1,0,0,0,1,0
4,5,2020,2,1,700000,2283,0,0,0,0,1,0,0,0,0,0,1
1,3,1914,2,1,149900,715,0,0,0,0,0,1,0,0,0,1,0
1,3,1942,1,1,274000,651,0,0,0,0,0,1,0,0,0,0,1
1,3,1953,2,1,159900,640,0,0,0,0,0,1,0,0,0,1,0
2,3,1990,1,1,324900,933,0,0,0,0,0,0,1,0,0,0,1
3,5,2014,2,1,799900,1669,0,0,0,0,0,1,0,0,0,0,1
3,5,1974,1,1,274900,1124,0,0,0,0,0,1,0,0,0,1,0
3,3,2024,2,1,799900,1752,0,0,0,0,1,0,0,0,0,0,1
3,3,1978,0,1,340000,1259,0,0,0,0,0,1,0,0,0,0,1
4,4,2024,2,2,524900,1482,0,0,0,0,1,0,0,0,0,1,0
1,2,1967,2,1,189900,690,0,0,0,0,0,1,0,0,0,1,0
1,1,1962,2,1,149900,640,0,0,0,0,0,1,0,0,0,1,0
3,3,2024,2,1,569900,1657,0,0,0,0,1,0,0,0,0,1,0
4,5,1988,2,1,349900,1344,0,0,0,0,0,1,0,0,0,1,0
2,5,1967,2,2,329900,1284,0,0,0,0,0,1,0,0,0,0,1
2,3,2013,2,1,499900,1302,0,0,0,0,0,1,0,0,0,1,0
1,2,1910,1,1,114000,648,0,0,0,0,0,1,0,0,0,1,0
2,4,2010,1,2,329900,1020,0,0,0,0,0,1,0,0,0,1,0
3,3,2024,2,1,569900,1661,0,0,0,0,1,0,0,0,0,1,0
2,2,1985,1,1,589900,1757,0,0,0,0,0,0,0,0,1,0,1
2,2,2012,2,1,255000,1109,1,0,0,0,0,0,0,0,0,1,0
4,4,1986,2,1,549900,1700,0,0,0,0,1,0,0,0,0,0,1
4,5,2022,3,1,1380000,3067,0,0,0,0,1,0,0,0,0,0,1
3,5,2018,2,1,655000,1584,0,0,0,0,0,1,0,0,0,1,0
4,5,2004,1,2,374900,2164,0,0,0,0,1,0,0,0,0,1,0
2,3,2023,2,1,489900,1381,0,0,0,0,0,1,0,0,0,1,0
4,5,2024,2,2,599900,1460,0,0,0,0,0,1,0,0,0,0,1
2,1,2021,1,1,394900,790,0,0,0,0,1,0,0,0,0,0,1
2,4,1961,2,2,312500,1052,0,0,0,0,0,1,0,0,0,1,0
4,5,2013,3,1,1300000,2411,0,0,0,0,1,0,0,0,0,1,0
4,5,2006,2,1,699900,2302,0,0,0,0,1,0,0,0,0,1,0
2,4,2014,2,2,159999,988,0,0,0,0,0,1,0,0,0,1,0
3,3,1976,1,1,249900,1646,0,0,0,0,0,0,1,0,0,1,0
1,1,1987,1,1,90000,570,1,0,0,0,0,0,0,0,0,1,0
3,3,2023,1,1,449900,1421,0,0,0,0,1,0,0,0,0,1,0
2,4,1919,2,1,105000,760,0,0,0,0,0,1,0,0,0,1,0
2,3,1973,2,1,339900,1040,0,0,0,0,0,1,0,0,0,1,0
2,2,2008,1,1,249900,829,1,0,0,0,0,0,0,0,0,1,0
3,3,2013,2,1,649000,2248,0,0,0,0,1,0,0,0,0,1,0
2,2,1920,1,1,319900,1395,0,0,0,0,0,0,0,0,1,1,0
2,4,1960,2,1,319900,947,0,0,0,0,0,1,0,0,0,0,1
2,3,1926,2,1,315000,1460,0,0,0,0,1,0,0,0,0,1,0
1,3,1971,1,1,60000,1206,0,0,1,0,0,0,0,0,0,0,1
1,3,1964,1,1,119900,792,0,0,0,0,0,0,1,0,0,1,0
1,1,2010,1,1,274900,1143,1,0,0,0,0,0,0,0,0,0,1
1,3,1950,1,1,172900,920,0,0,0,0,0,1,0,0,0,0,1
3,3,1976,1,1,288800,1393,0,0,0,0,1,0,0,0,0,1,0
2,3,2013,1,1,479000,1214,0,0,0,0,0,1,0,0,0,0,1
2,2,1988,1,1,219900,1087,1,0,0,0,0,0,0,0,0,1,0
2,4,1956,2,2,409900,1099,0,0,0,0,0,1,0,0,0,0,1
2,3,1976,2,1,309900,822,0,0,0,0,0,1,0,0,0,1,0
1,1,2019,1,1,338000,541,1,0,0,0,0,0,0,0,0,0,1
2,5,1927,1,2,299900,1160,0,0,0,0,0,1,0,0,0,0,1
2,4,2010,2,2,274999,1020,0,0,0,0,0,1,0,0,0,1,0
2,4,1979,1,1,319500,1059,0,0,0,0,0,1,0,0,0,1,0
1,2,1916,1,1,59900,640,0,0,0,0,0,1,0,0,0,1,0
3,4,1982,2,1,437500,1706,0,0,0,0,0,1,0,0,0,1,0
1,1,1977,1,1,98900,586,1,0,0,0,0,0,0,0,0,1,0
2,3,1986,2,1,309900,965,0,0,0,0,0,1,0,0,0,1,0
2,4,1952,1,1,349900,1648,0,0,0,0,0,1,0,0,0,1,0
4,4,2013,2,1,339900,1330,0,0,0,0,1,0,0,0,0,0,1
3,3,2017,1,1,369900,1220,0,0,0,0,1,0,0,0,0,1,0
3,3,1994,2,1,1090000,2238,0,0,0,0,0,1,0,0,0,1,0
2,3,1950,1,1,285000,976,0,0,0,0,0,1,0,0,0,1,0
2,2,2016,1,1,264900,942,0,0,0,0,0,0,1,0,0,1,0
1,2,1925,1,1,180000,877,0,0,0,0,0,1,0,0,0,1,0
2,4,1931,2,1,789900,1712,0,0,0,0,1,0,0,0,0,0,1
2,1,2025,2,1,669900,1071,0,0,0,0,0,0,1,0,0,0,1
2,4,1955,1,1,264900,1176,0,0,0,0,0,1,0,0,0,1,0
3,3,1996,2,1,649000,1357,0,0,0,0,0,0,1,0,0,0,1
4,3,1978,2,1,654900,2600,0,0,0,0,1,0,0,0,0,0,1
2,3,1974,1,1,299000,853,0,0,0,0,0,1,0,0,0,0,1
3,3,2014,2,1,227900,1235,0,0,0,0,1,0,0,0,0,1,0
3,4,1988,2,1,379900,1053,0,0,0,0,0,1,0,0,0,1,0
2,2,1950,1,1,164900,816,0,0,0,0,0,1,0,0,0,1,0
2,3,2000,1,1,309800,1208,0,0,0,0,1,0,0,0,0,0,1
1,1,1965,1,1,99900,467,1,0,0,0,0,0,0,0,0,1,0
3,3,1979,1,1,309000,1290,0,0,0,0,0,1,0,0,0,0,1
1,1,2016,1,1,229900,614,1,0,0,0,0,0,0,0,0,0,1
2,4,1977,1,1,309900,967,0,0,0,0,0,1,0,0,0,1,0
1,3,1920,0,1,139900,735,0,0,0,0,0,1,0,0,0,0,1
3,5,1976,1,3,314900,924,0,1,0,0,0,0,0,0,0,1,0
2,4,1978,1,1,355000,868,0,0,0,0,0,1,0,0,0,0,1
3,3,2019,2,1,519900,1646,0,0,0,0,1,0,0,0,0,1,0
1,3,1947,2,1,284900,1056,0,0,0,0,0,1,0,0,0,0,1
2,1,2015,1,1,299000,866,0,0,0,0,0,1,0,0,0,1,0
1,2,1912,1,1,84900,720,0,0,0,0,0,1,0,0,0,1,0
4,5,1964,1,3,598500,1416,0,0,0,0,0,1,0,0,0,0,1
1,0,1915,0,1,104900,670,0,0,0,0,0,1,0,0,0,0,1
2,5,1953,2,2,189900,832,0,0,0,0,0,1,0,0,0,1,0
1,2,1967,2,1,179900,881,1,0,0,0,0,0,0,0,0,1,0
4,2,1910,2,1,260000,2004,0,0,0,0,1,0,0,0,0,1,0
2,3,1964,3,1,409500,872,0,0,0,0,0,1,0,0,0,0,1
1,3,1957,2,1,289900,1040,0,0,0,0,0,1,0,0,0,1,0
4,4,1979,2,1,745999,2172,0,0,0,0,1,0,0,0,0,0,1
1,1,2014,1,1,196900,538,1,0,0,0,0,0,0,0,0,0,1
4,5,2006,2,2,999900,2771,0,0,0,0,1,0,0,0,0,0,1
4,3,2014,2,1,698000,2188,0,0,0,0,1,0,0,0,0,0,1
1,3,1948,1,1,185000,732,0,0,0,0,0,1,0,0,0,1,0
2,3,1959,2,2,275000,1262,0,0,1,0,0,0,0,0,0,0,1
3,4,1976,2,1,224900,1088,0,0,0,0,0,1,0,0,0,0,1
2,4,1971,2,1,305900,850,0,0,0,0,0,1,0,0,0,1,0
2,3,1971,2,1,379900,867,0,0,0,0,0,1,0,0,0,0,1
3,5,1971,2,1,499900,1172,0,0,0,0,0,1,0,0,0,1,0
4,5,1979,2,2,524500,1246,0,0,0,0,0,1,0,0,0,0,1
1,3,1911,1,1,249000,880,0,0,0,0,0,1,0,0,0,1,0
2,2,1999,1,1,469900,1151,1,0,0,0,0,0,0,0,0,0,1
2,3,1955,2,2,247500,960,0,0,0,0,0,1,0,0,0,1,0
2,2,1986,1,1,149900,964,1,0,0,0,0,0,0,0,0,1,0
1,2,1928,1,1,112000,900,0,0,0,0,0,1,0,0,0,1,0
1,3,1975,1,1,255000,864,0,0,0,0,0,1,0,0,0,0,1
1,1,2014,1,1,229900,807,1,0,0,0,0,0,0,0,0,0,1
2,3,1911,1,2,254900,1485,0,0,0,0,1,0,0,0,0,1,0
3,5,1967,1,2,399000,930,0,0,0,0,0,1,0,0,0,0,1
4,4,2012,2,1,499900,1768,0,0,0,0,1,0,0,0,0,0,1
2,4,1954,2,2,170000,900,0,0,0,0,0,1,0,0,0,1,0
4,4,2015,2,1,889900,2455,0,0,0,0,1,0,0,0,0,0,1
2,3,1971,1,1,324900,1446,0,0,0,0,1,0,0,0,0,1,0
2,4,1956,2,2,274900,1176,0,0,0,0,0,1,0,0,0,1,0
3,3,1906,2,1,549900,2532,0,0,0,0,0,0,0,0,1,1,0
3,5,2015,2,2,629000,1216,0,0,0,0,0,1,0,0,0,0,1
2,3,1969,1,1,157900,1008,0,0,0,0,1,0,0,0,0,1,0
2,4,1952,1,1,210000,816,0,0,0,0,0,1,0,0,0,1,0
3,4,1981,1,1,329900,1154,0,0,0,0,0,1,0,0,0,1,0
2,2,1928,1,1,297700,927,0,0,0,0,0,1,0,0,0,1,0
4,4,2007,2,1,474900,1553,0,0,0,0,1,0,0,0,0,0,1
3,3,2015,2,1,427900,1770,0,0,0,0,0,0,1,0,0,0,1
3,3,2020,2,1,424900,1255,0,0,0,0,1,0,0,0,0,1,0
3,5,1972,2,2,449000,1300,0,0,0,0,0,1,0,0,0,0,1
2,2,1985,1,1,459900,1952,1,0,0,0,0,0,0,0,0,0,1
1,2,1930,1,1,159900,632,0,0,0,0,0,1,0,0,0,0,1
4,5,2012,3,1,915000,3802,0,0,0,0,1,0,0,0,0,1,0
3,5,2012,2,2,349900,1000,0,0,0,0,0,1,0,0,0,1,0
2,2,1912,1,1,474900,2476,0,0,0,0,0,0,0,0,1,1,0
3,4,2021,2,1,758900,1507,0,0,0,0,0,1,0,0,0,0,1
2,4,1946,1,2,450000,816,0,0,0,0,0,1,0,0,0,0,1
3,3,1995,2,1,1450000,3244,0,0,0,0,0,1,0,0,0,1,0
1,2,1966,1,1,134900,854,1,0,0,0,0,0,0,0,0,1,0
2,4,1972,2,1,265000,1408,0,0,0,0,0,1,0,0,0,1,0
4,5,2024,3,1,1759900,2436,0,0,0,0,1,0,0,0,0,0,1
3,5,1944,1,1,469000,1839,0,0,0,0,1,0,0,0,0,0,1
1,3,1950,1,1,239900,966,0,0,0,0,0,1,0,0,0,1,0
2,5,1977,1,2,289000,1016,0,0,0,0,0,1,0,0,0,1,0
1,1,1976,1,1,92900,771,1,0,0,0,0,0,0,0,0,1,0
2,4,1962,2,1,285000,1000,0,0,0,0,0,1,0,0,0,1,0
3,3,2024,1,1,514900,1520,0,0,0,0,1,0,0,0,0,1,0
2,5,1959,2,2,349900,1195,0,0,0,0,0,1,0,0,0,1,0
1,2,2010,2,1,184999,768,0,0,0,0,0,0,1,0,0,1,0
2,3,1960,2,1,264900,1040,0,0,0,0,0,1,0,0,0,1,0
4,4,2019,3,1,1190000,2947,0,0,0,0,1,0,0,0,0,0,1
2,1,1970,1,1,319900,1260,0,0,0,0,0,0,0,0,1,0,1
2,1,1960,1,1,324500,1292,1,0,0,0,0,0,0,0,0,0,1
1,3,1972,1,1,329900,850,0,0,0,0,0,1,0,0,0,0,1
3,3,1927,2,1,509900,1167,0,0,0,0,0,1,0,0,0,0,1
1,1,1912,1,1,179900,530,0,0,0,0,0,1,0,0,0,0,1
4,4,2011,2,1,659900,1899,0,0,0,0,1,0,0,0,0,0,1
1,2,1978,0,1,114900,796,1,0,0,0,0,0,0,0,0,0,1
4,4,2015,3,1,1975000,3953,0,0,0,0,1,0,0,0,0,1,0
3,3,1987,1,1,419900,1371,0,0,0,0,0,0,1,0,0,0,1
1,1,1929,2,1,64900,558,0,0,0,0,0,1,0,0,0,1,0
2,3,1926,1,2,349900,640,0,0,0,0,0,1,0,0,0,0,1
3,3,1929,1,1,399900,1335,0,0,0,0,1,0,0,0,0,0,1
2,3,1975,2,1,219900,1016,0,0,0,0,1,0,0,0,0,1,0
2,2,1920,1,1,319900,1053,0,0,0,0,0,1,0,0,0,1,0
2,4,1966,1,1,325000,1005,0,0,0,0,0,1,0,0,0,0,1
2,2,1950,1,1,164900,816,0,0,0,0,0,1,0,0,0,1,0
3,5,1984,2,1,509900,1420,0,0,0,0,0,1,0,0,0,0,1
2,3,2011,2,1,369900,856,0,0,0,0,0,1,0,0,0,1,0
2,4,2010,1,2,329900,1020,0,0,0,0,0,1,0,0,0,1,0
4,4,2014,3,1,1225900,2495,0,0,0,0,1,0,0,0,0,0,1
4,4,2007,3,1,668000,1966,0,0,0,0,1,0,0,0,0,1,0
4,4,1969,2,1,539900,1704,0,0,0,0,1,0,0,0,0,0,1
4,4,1971,2,1,899900,4370,0,0,0,0,1,0,0,0,0,1,0
3,5,2013,2,2,529900,1291,0,0,0,0,0,1,0,0,0,1,0
2,3,2011,1,2,219900,858,0,0,0,0,0,1,0,0,0,1,0
1,0,1949,0,1,105000,338,0,0,0,0,0,1,0,0,0,0,1
3,5,1998,2,2,545000,1271,0,0,0,0,0,1,0,0,0,0,1
3,3,2023,2,1,674900,1916,0,0,0,0,1,0,0,0,0,0,1
4,4,1983,2,1,459900,1373,0,0,0,0,0,1,0,0,0,1,0
1,1,1979,1,1,79900,596,1,0,0,0,0,0,0,0,0,1,0
2,2,2019,1,1,749900,1132,1,0,0,0,0,0,0,0,0,0,1
1,2,2000,1,1,229900,935,0,0,0,0,0,0,1,0,0,1,0
1,2,1999,1,1,209000,911,1,0,0,0,0,0,0,0,0,1,0
1,2,2010,1,1,130000,909,0,0,0,0,0,0,1,0,0,0,1
3,3,2023,2,1,629900,1573,0,0,0,0,1,0,0,0,0,0,1
3,4,2014,2,1,429900,1280,0,0,0,0,1,0,0,0,0,1,0
1,3,1930,1,1,144900,648,0,0,0,0,0,1,0,0,0,1,0
3,5,2014,2,1,595900,1257,0,0,0,0,0,1,0,0,0,0,1
3,3,2007,2,1,389900,1215,0,0,0,0,1,0,0,0,0,0,1
2,4,1980,1,1,375000,828,0,0,0,0,0,1,0,0,0,0,1
2,4,2023,2,2,349900,827,0,0,0,0,0,1,0,0,0,1,0
2,3,1986,2,1,142500,1399,1,0,0,0,0,0,0,0,0,1,0
2,4,1958,1,2,275000,768,0,0,0,0,0,1,0,0,0,0,1
1,3,1949,1,1,179900,840,0,0,0,0,0,1,0,0,0,1,0
1,4,1912,1,1,334900,1240,0,0,0,0,1,0,0,0,0,1,0
4,5,1983,2,2,624900,2620,0,0,0,0,0,1,0,0,0,0,1
1,2,2013,2,1,210000,861,1,0,0,0,0,0,0,0,0,1,0
4,5,1986,2,1,689000,1989,0,0,0,0,1,0,0,0,0,0,1
2,1,2018,1,1,278900,827,0,0,0,0,1,0,0,0,0,0,1
1,1,2014,1,1,193900,646,1,0,0,0,0,0,0,0,0,0,1
2,2,2013,2,1,259900,1114,0,0,0,0,0,0,1,0,0,0,1
1,2,1929,2,1,319900,890,0,0,0,0,0,1,0,0,0,0,1
1,1,1981,1,1,119900,797,1,0,0,0,0,0,0,0,0,0,1
3,2,2005,1,1,316000,1199,0,0,0,0,1,0,0,0,0,0,1
3,3,2020,2,1,424900,1255,0,0,0,0,1,0,0,0,0,1,0
3,4,1980,2,1,599900,1922,0,0,0,0,1,0,0,0,0,0,1
3,4,2020,2,1,679900,1206,0,0,0,0,0,0,1,0,0,0,1
3,3,2024,1,1,682900,1639,0,0,0,0,1,0,0,0,0,0,1
2,3,1972,2,1,239900,875,0,0,0,0,0,1,0,0,0,1,0
1,1,1928,2,1,90000,820,0,0,0,0,0,1,0,0,0,1,0
3,4,1985,2,1,419900,1076,0,0,0,0,0,1,0,0,0,0,1
2,4,1907,1,2,139700,1388,0,0,0,0,1,0,0,0,0,1,0
2,2,1992,1,1,498500,1485,1,0,0,0,0,0,0,0,0,0,1
3,4,1994,2,1,588900,1882,0,0,0,0,0,1,0,0,0,0,1
3,3,2024,2,1,449900,1404,0,0,0,0,1,0,0,0,0,0,1
1,2,1999,1,1,199900,1102,1,0,0,0,0,0,0,0,0,1,0
3,3,2024,2,1,492900,1669,0,0,0,0,1,0,0,0,0,0,1
1,2,1913,1,1,299900,1195,0,0,0,0,0,1,0,0,0,1,0
1,4,1974,2,1,210000,1090,0,0,0,0,0,1,0,0,0,1,0
3,5,2011,2,1,740900,1625,0,0,0,0,0,1,0,0,0,1,0
1,2,2011,1,1,209900,904,0,0,0,0,0,0,1,0,0,1,0
2,4,1974,1,1,245000,1036,0,0,0,0,0,1,0,0,0,1,0
1,4,1928,1,1,173500,1115,0,0,0,0,0,1,0,0,0,0,1
2,3,1986,1,1,349900,906,0,0,0,0,0,1,0,0,0,1,0
3,4,1986,2,1,449900,1100,0,0,0,0,0,1,0,0,0,0,1
2,1,1991,2,1,374900,1324,1,0,0,0,0,0,0,0,0,0,1
4,4,2011,2,1,1049900,2386,0,0,0,0,1,0,0,0,0,1,0
1,2,1982,2,1,159900,869,1,0,0,0,0,0,0,0,0,1,0
1,2,1928,1,1,69400,800,0,0,0,0,0,1,0,0,0,1,0
3,2,2014,1,1,359900,1485,0,0,0,0,0,0,1,0,0,0,1
2,2,2007,1,1,434000,1158,1,0,0,0,0,0,0,0,0,0,1
1,3,1963,2,1,269900,1040,0,0,0,0,0,1,0,0,0,1,0
2,2,2008,1,1,354900,1200,1,0,0,0,0,0,0,0,0,1,0
3,3,2024,2,1,457900,1515,0,0,0,0,1,0,0,0,0,1,0
3,5,1980,2,1,484898,1313,0,0,0,0,0,1,0,0,0,0,1
3,3,2024,2,1,614900,1756,0,0,0,0,1,0,0,0,0,0,1
1,1,1922,1,1,99900,622,0,0,0,0,0,1,0,0,0,0,1
2,5,1956,1,2,329000,1008,0,0,0,0,0,1,0,0,0,1,0
2,5,1964,2,2,309900,1091,0,0,0,0,0,1,0,0,0,1,0
3,3,2024,2,1,599900,1691,0,0,0,0,1,0,0,0,0,0,1
4,5,2016,3,1,2490000,3594,0,0,0,0,1,0,0,0,0,0,1
1,2,1982,1,1,174900,737,1,0,0,0,0,0,0,0,0,0,1
2,4,2010,1,2,329900,1020,0,0,0,0,0,1,0,0,0,1,0
3,2,2014,1,1,379900,800,0,0,0,0,0,1,0,0,0,1,0
3,5,1979,1,2,349000,1305,0,0,0,0,0,1,0,0,0,0,1
3,3,2022,2,1,999900,3096,0,0,0,0,1,0,0,0,0,1,0
4,4,1971,2,1,899900,4370,0,0,0,0,1,0,0,0,0,1,0
1,1,2013,1,1,199900,657,1,0,0,0,0,0,0,0,0,1,0
2,3,1948,1,1,127500,900,0,0,0,0,0,1,0,0,0,1,0
1,2,1946,2,1,218000,720,0,0,0,0,0,1,0,0,0,1,0
3,3,2019,1,1,430000,1423,0,0,0,0,0,0,1,0,0,0,1
3,3,2024,1,1,478300,1486,0,0,0,0,1,0,0,0,0,0,1
2,4,1913,1,1,279900,1398,0,0,0,0,1,0,0,0,0,1,0
2,2,2012,1,1,339900,1055,1,0,0,0,0,0,0,0,0,1,0
1,2,1921,1,1,88000,733,0,0,0,0,0,1,0,0,0,1,0
2,4,1912,1,2,274900,1661,0,0,0,0,1,0,0,0,0,1,0
1,3,1977,0,1,34900,1010,0,0,1,0,0,0,0,0,0,0,1
3,3,1973,2,1,259800,1408,0,0,0,0,1,0,0,0,0,1,0
2,5,1959,2,1,429900,1066,0,0,0,0,0,1,0,0,0,0,1
2,1,1916,1,1,524900,2290,0,0,0,0,0,0,0,0,1,0,1
1,3,1973,1,1,179900,924,0,0,0,0,0,1,0,0,0,1,0
3,3,2024,1,1,529900,1695,0,0,0,0,1,0,0,0,0,0,1
4,5,1978,1,3,593900,3700,0,0,0,0,1,0,0,0,0,0,1
1,3,1947,1,1,224900,982,0,0,0,0,0,1,0,0,0,1,0
2,3,2009,2,1,288900,1083,0,0,0,0,0,0,1,0,0,0,1
4,5,2008,2,1,994900,2880,0,0,0,0,1,0,0,0,0,0,1
2,2,1987,1,1,233333,1196,1,0,0,0,0,0,0,0,0,0,1
3,3,2024,2,1,619900,2020,0,0,0,0,1,0,0,0,0,1,0
3,5,2012,2,2,519900,1163,0,0,0,0,0,1,0,0,0,1,0
2,3,1951,1,1,260000,852,0,0,0,0,0,1,0,0,0,1,0
2,2,2013,1,1,269900,915,0,0,0,0,0,0,1,0,0,1,0
4,4,2012,2,1,499900,1768,0,0,0,0,1,0,0,0,0,0,1
1,1,1963,1,1,124900,533,0,0,0,0,0,1,0,0,0,1,0
3,4,1991,2,1,689000,2173,0,0,0,0,1,0,0,0,0,0,1
3,3,2024,2,1,714900,1656,0,0,0,0,1,0,0,0,0,0,1
4,5,1915,1,2,688800,2182,0,0,0,0,1,0,0,0,0,0,1
1,3,1977,1,1,159900,960,0,0,0,0,0,0,1,0,0,1,0
4,4,2018,2,1,749900,2176,0,0,0,0,1,0,0,0,0,1,0
4,5,2019,3,2,1129000,2730,0,0,0,0,1,0,0,0,0,0,1
3,3,2014,1,1,369900,1340,0,0,0,0,1,0,0,0,0,0,1
1,2,1929,1,1,69900,646,0,0,0,0,0,1,0,0,0,1,0
2,5,1934,1,1,229900,865,0,0,0,0,0,1,0,0,0,0,1
1,2,1936,1,1,186500,778,0,0,0,0,0,1,0,0,0,0,1
2,5,1952,1,2,229000,1224,0,0,0,0,0,1,0,0,0,1,0
2,2,1983,1,1,194900,980,1,0,0,0,0,0,0,0,0,0,1
2,3,1927,2,1,175000,1007,0,0,0,0,0,1,0,0,0,1,0
1,1,1968,1,1,249900,797,1,0,0,0,0,0,0,0,0,0,1
4,3,2020,1,1,429900,1151,0,0,0,0,1,0,0,0,0,0,1
2,2,2010,1,1,238500,1140,1,0,0,0,0,0,0,0,0,1,0
1,3,1968,1,1,239900,1008,0,0,0,0,0,0,1,0,0,1,0
1,1,2002,1,1,192900,793,1,0,0,0,0,0,0,0,0,0,1
2,2,2014,1,1,229900,935,0,0,0,0,1,0,0,0,0,1,0
2,3,1912,1,1,345000,1460,0,0,0,0,1,0,0,0,0,0,1
2,2,2009,1,1,354900,1270,1,0,0,0,0,0,0,0,0,1,0
1,3,1913,1,1,179900,1006,0,0,0,0,0,1,0,0,0,1,0
1,2,1946,0,1,179900,640,0,0,0,0,0,1,0,0,0,0,1
3,4,1982,1,1,315000,1070,0,0,0,0,0,1,0,0,0,1,0
2,4,1991,2,1,424900,1125,0,0,0,0,0,1,0,0,0,0,1
3,3,2021,1,1,474900,1457,0,0,0,0,1,0,0,0,0,1,0
3,3,2024,2,1,484900,1420,0,0,0,0,1,0,0,0,0,0,1
1,3,1975,2,1,189900,924,0,0,0,0,0,1,0,0,0,1,0
3,3,2009,1,1,344900,1255,0,0,0,0,1,0,0,0,0,0,1
3,3,2024,2,1,443900,1485,0,0,0,0,1,0,0,0,0,1,0
3,4,2024,2,1,562900,1830,0,0,0,0,1,0,0,0,0,1,0
2,4,1955,2,1,287000,1120,0,0,0,0,0,1,0,0,0,1,0
2,2,1996,1,1,389900,1132,1,0,0,0,0,0,0,0,0,0,1
3,5,1981,2,1,379900,1722,0,0,0,0,0,1,0,0,0,1,0
1,1,1967,1,1,159900,732,1,0,0,0,0,0,0,0,0,0,1
2,5,1962,2,2,375000,1050,0,0,0,0,0,1,0,0,0,1,0
3,4,1996,2,1,495000,1759,0,0,0,0,1,0,0,0,0,0,1
3,3,2024,2,1,443900,1485,0,0,0,0,1,0,0,0,0,1,0
2,5,1961,1,2,319900,888,0,0,0,0,0,1,0,0,0,1,0
1,3,1972,2,1,257000,850,0,0,0,0,0,1,0,0,0,0,1
2,3,1959,2,1,309900,912,0,0,0,0,0,1,0,0,0,1,0
1,3,1913,1,1,179900,1006,0,0,0,0,0,1,0,0,0,1,0
3,5,2010,2,1,529900,1319,0,0,0,0,0,1,0,0,0,1,0
1,1,2017,1,1,174900,425,0,0,0,0,0,0,1,0,0,1,0
2,3,2011,1,1,270000,1159,0,0,0,0,0,0,1,0,0,0,1
1,2,2013,1,1,174900,656,1,0,0,0,0,0,0,0,0,0,1
1,3,1969,1,1,166900,1008,0,0,0,0,1,0,0,0,0,1,0
4,4,1971,2,1,899900,4370,0,0,0,0,1,0,0,0,0,1,0
2,5,1974,1,2,349900,807,0,0,0,0,0,1,0,0,0,0,1
2,5,1969,2,2,349900,1168,0,0,0,0,0,1,0,0,0,1,0
4,5,2013,3,1,949900,2465,0,0,0,0,1,0,0,0,0,0,1
1,2,1976,1,1,149900,832,0,0,0,0,0,0,1,0,0,1,0
2,3,1955,2,1,350000,1044,0,0,0,0,0,1,0,0,0,1,0
4,5,1923,2,2,979000,2326,0,0,0,0,0,1,0,0,0,0,1
3,3,2015,2,1,415900,1471,0,0,0,0,1,0,0,0,0,1,0
3,4,1912,1,3,399900,2348,0,0,0,0,1,0,0,0,0,0,1
2,4,1961,2,2,312500,1052,0,0,0,0,0,1,0,0,0,1,0
3,5,2013,2,1,709000,1772,0,0,0,0,0,1,0,0,0,1,0
4,3,2014,2,1,540000,1515,0,0,0,0,1,0,0,0,0,1,0
1,3,1952,1,1,149900,1084,0,0,0,0,1,0,0,0,0,0,1
1,2,1972,1,1,235000,969,1,0,0,0,0,0,0,0,0,1,0
2,2,2004,1,1,249990,1176,0,0,0,0,1,0,0,0,0,0,1
2,3,1963,2,1,314900,896,0,0,0,0,0,1,0,0,0,0,1
3,3,2010,2,1,629900,1987,0,0,0,0,1,0,0,0,0,1,0
2,2,2004,1,1,270000,1169,0,0,0,0,0,0,1,0,0,0,1
2,2,2012,1,1,384900,1356,1,0,0,0,0,0,0,0,0,1,0
1,2,1979,1,1,170000,971,0,0,0,0,1,0,0,0,0,0,1
3,3,2024,2,1,649900,1568,0,0,0,0,1,0,0,0,0,0,1
3,3,1975,1,1,339900,1605,0,0,0,0,1,0,0,0,0,1,0
1,3,1974,1,1,69900,1462,0,0,1,0,0,0,0,0,0,0,1
2,2,2013,1,1,284900,947,1,0,0,0,0,0,0,0,0,1,0
2,5,1927,1,1,529900,1984,0,0,0,0,1,0,0,0,0,1,0
3,5,2013,2,1,709000,1772,0,0,0,0,0,1,0,0,0,1,0
4,4,2000,3,1,1349000,3637,0,0,0,0,1,0,0,0,0,1,0
1,1,1983,1,1,110000,721,0,0,0,0,0,0,1,0,0,1,0
2,3,2007,1,1,329900,1240,0,0,0,0,1,0,0,0,0,0,1
2,2,2009,1,1,349900,1207,1,0,0,0,0,0,0,0,0,1,0
3,4,1914,2,1,249900,1538,0,0,0,0,1,0,0,0,0,1,0
4,4,1964,1,1,329900,1610,0,0,0,0,0,1,0,0,0,1,0
2,2,2015,1,1,279900,861,1,0,0,0,0,0,0,0,0,0,1
3,3,2015,1,1,379900,1325,0,0,0,0,1,0,0,0,0,0,1
1,2,2012,2,1,199500,861,1,0,0,0,0,0,0,0,0,1,0
1,2,1979,1,1,114900,842,1,0,0,0,0,0,0,0,0,0,1
4,5,1985,2,1,589900,1849,0,0,0,0,1,0,0,0,0,1,0
1,1,1979,1,1,139900,540,1,0,0,0,0,0,0,0,0,0,1
4,4,2010,3,1,1045000,2310,0,0,0,0,1,0,0,0,0,0,1
2,4,1981,1,2,389900,880,0,0,0,0,0,1,0,0,0,0,1
3,3,2007,2,1,724900,1267,0,0,0,0,0,1,0,0,0,0,1
1,2,1968,1,1,299900,944,1,0,0,0,0,0,0,0,0,0,1
1,2,1914,1,1,219900,920,0,0,0,0,0,1,0,0,0,0,1
4,5,2025,3,1,1649900,2436,0,0,0,0,1,0,0,0,0,0,1
3,3,2025,2,1,479900,1484,0,0,0,0,1,0,0,0,0,0,1
2,2,2011,2,1,217900,958,1,0,0,0,0,0,0,0,0,1,0
2,2,2005,1,1,249900,1136,0,0,0,0,1,0,0,0,0,1,0
2,5,1946,0,2,249900,1434,0,0,0,0,0,1,0,0,0,0,1
2,5,1972,2,1,259000,875,0,0,0,0,0,1,0,0,0,0,1
3,4,1982,1,1,315000,1070,0,0,0,0,0,1,0,0,0,1,0
3,4,1979,1,1,349900,1120,0,0,0,0,0,1,0,0,0,1,0
2,3,2019,2,1,459900,1472,0,0,0,0,1,0,0,0,0,1,0
4,4,2013,2,1,380000,1242,0,0,0,0,1,0,0,0,0,0,1
1,2,1983,1,1,159900,825,0,0,0,0,0,0,1,0,0,1,0
3,2,2017,2,1,379900,1058,0,0,0,0,1,0,0,0,0,1,0
2,2,2008,1,1,315000,1153,1,0,0,0,0,0,0,0,0,1,0
3,3,2011,2,1,799900,1509,0,0,0,0,0,1,0,0,0,1,0
2,3,1971,1,1,369900,880,0,0,0,0,0,1,0,0,0,0,1
2,3,1984,2,1,299900,1007,0,0,0,0,0,1,0,0,0,1,0
2,5,1964,1,1,265000,1231,0,0,0,0,0,1,0,0,0,1,0
2,2,2013,1,1,509900,1453,1,0,0,0,0,0,0,0,0,1,0
3,3,2004,2,1,699900,1528,0,0,0,0,0,1,0,0,0,0,1
2,2,2008,1,1,279900,1136,0,0,0,0,1,0,0,0,0,1,0
2,4,1974,2,1,289000,919,0,0,0,0,0,1,0,0,0,1,0
4,4,2014,2,1,609900,1531,0,0,0,0,1,0,0,0,0,0,1
2,3,1962,2,1,289900,1445,0,0,0,0,0,1,0,0,0,0,1
4,4,2018,1,1,369900,1336,0,0,0,0,1,0,0,0,0,1,0
2,2,1994,1,1,264900,1378,1,0,0,0,0,0,0,0,0,1,0
2,3,1975,2,1,270000,900,0,0,0,0,0,1,0,0,0,1,0
1,3,2010,2,1,399900,1001,0,0,0,0,0,1,0,0,0,0,1
1,3,1982,1,1,114500,1260,0,0,1,0,0,0,0,0,0,0,1
2,5,1957,1,1,539900,1581,0,0,0,0,1,0,0,0,0,0,1
3,4,1984,2,1,649900,1703,0,0,0,0,0,1,0,0,0,0,1
2,1,2018,1,1,279900,842,0,0,0,0,1,0,0,0,0,0,1
1,1,2018,1,1,165000,506,0,0,0,0,0,0,1,0,0,1,0
1,2,1974,1,1,89900,909,1,0,0,0,0,0,0,0,0,1,0
4,5,1984,2,2,699900,2279,0,0,0,0,1,0,0,0,0,1,0
2,2,2015,1,1,209900,883,1,0,0,0,0,0,0,0,0,1,0
2,4,2010,1,2,329900,1020,0,0,0,0,0,1,0,0,0,1,0
3,3,1988,1,1,219900,976,0,0,0,0,0,0,1,0,0,0,1
2,4,1979,1,1,319500,1059,0,0,0,0,0,1,0,0,0,1,0
2,3,1987,0,1,262000,600,0,0,0,0,0,0,1,0,0,0,1
4,4,1973,2,1,549900,1596,0,0,0,0,1,0,0,0,0,1,0
4,5,1968,2,1,429900,2079,0,0,0,0,0,1,0,0,0,1,0
3,5,1999,2,1,529900,1250,0,0,0,0,0,1,0,0,0,0,1
2,2,1922,1,1,145000,672,0,0,0,0,0,1,0,0,0,1,0
2,2,2013,1,1,259900,906,1,0,0,0,0,0,0,0,0,1,0
1,4,1973,1,1,267000,1042,0,0,0,0,0,1,0,0,0,1,0
3,3,2019,3,1,997000,2508,0,0,0,0,1,0,0,0,0,0,1
1,4,1978,1,1,228000,980,0,0,0,0,0,0,1,0,0,0,1
4,5,2017,3,2,709900,2005,0,0,0,0,1,0,0,0,0,0,1
3,3,2024,2,1,913900,2450,0,0,0,0,1,0,0,0,0,0,1
2,3,2014,1,1,332900,1265,0,0,0,0,1,0,0,0,0,0,1
1,2,1924,1,1,194900,836,0,0,0,0,0,1,0,0,0,1,0
4,5,2007,2,1,599800,2057,0,0,0,0,1,0,0,0,0,1,0
4,4,1979,3,1,719900,2582,0,0,0,0,1,0,0,0,0,0,1
2,3,2017,1,1,309000,1254,0,0,0,0,1,0,0,0,0,0,1
2,3,1966,0,1,314900,1063,0,0,0,0,0,1,0,0,0,0,1
3,3,2024,2,1,697500,1848,0,0,0,0,1,0,0,0,0,0,1
2,4,1988,2,1,449900,1000,0,0,0,0,0,1,0,0,0,0,1
4,5,2023,2,2,679900,1744,0,0,0,0,1,0,0,0,0,0,1
2,2,2014,1,1,459900,1336,1,0,0,0,0,0,0,0,0,1,0
1,3,1931,0,1,179900,675,0,0,0,0,0,1,0,0,0,0,1
2,4,1971,2,1,305900,850,0,0,0,0,0,1,0,0,0,1,0
3,3,2024,2,1,569900,1657,0,0,0,0,1,0,0,0,0,1,0
3,5,2012,3,1,1165000,2353,0,0,0,0,0,1,0,0,0,1,0
1,1,2013,1,1,164900,581,1,0,0,0,0,0,0,0,0,0,1
1,4,1962,1,1,234900,1050,0,0,0,0,0,1,0,0,0,1,0
1,1,2020,0,1,469900,730,1,0,0,0,0,0,0,0,0,0,1
4,4,1984,3,2,1095000,2131,0,0,0,0,1,0,0,0,0,0,1
3,3,2019,2,1,519900,1628,0,0,0,0,1,0,0,0,0,0,1
4,5,2003,3,1,739900,2355,0,0,0,0,1,0,0,0,0,0,1
2,4,1921,2,1,474900,1538,0,0,0,0,1,0,0,0,0,0,1
4,5,2006,2,2,574900,2048,0,0,0,0,1,0,0,0,0,1,0
3,3,2016,1,1,379000,1340,0,0,0,0,1,0,0,0,0,0,1
2,2,2016,1,1,674900,1195,1,0,0,0,0,0,0,0,0,0,1
2,3,1962,1,2,369900,756,0,0,0,0,0,1,0,0,0,0,1
3,5,1972,2,1,659000,2068,0,0,0,0,0,1,0,0,0,0,1
2,2,1995,1,1,329900,1332,1,0,0,0,0,0,0,0,0,0,1
2,2,1997,1,1,329900,1040,0,0,0,0,1,0,0,0,0,1,0
1,2,1912,1,1,84900,720,0,0,0,0,0,1,0,0,0,1,0
2,3,1914,1,1,285000,1475,1,0,0,0,0,0,0,0,0,1,0
1,2,1961,1,1,237000,816,0,0,0,0,0,1,0,0,0,1,0
2,3,1959,2,1,424900,1176,0,0,0,0,0,1,0,0,0,0,1
3,3,1955,3,1,499900,2224,0,0,0,0,1,0,0,0,0,0,1
2,3,1986,2,1,142500,1399,1,0,0,0,0,0,0,0,0,1,0
4,5,2012,3,1,749900,1941,0,0,0,0,1,0,0,0,0,0,1
3,4,1978,1,1,314900,1057,0,0,0,0,0,1,0,0,0,1,0
1,3,1927,0,1,134900,720,0,0,0,0,0,1,0,0,0,0,1
4,5,1914,3,2,1774900,4109,0,0,0,0,1,0,0,0,0,0,1
1,3,1953,1,1,194500,740,0,0,0,0,0,1,0,0,0,1,0
2,3,2024,1,1,369900,1423,0,0,0,0,1,0,0,0,0,0,1
2,1,2018,1,1,279900,827,0,0,0,0,1,0,0,0,0,0,1
2,2,2021,1,1,654900,1055,1,0,0,0,0,0,0,0,0,0,1
4,5,2009,2,1,839900,1968,0,0,0,0,1,0,0,0,0,1,0
3,2,2014,1,1,369900,1358,0,0,0,0,1,0,0,0,0,1,0
2,4,1974,2,1,399900,1668,0,0,0,0,0,1,0,0,0,1,0
4,4,2007,2,1,549900,1614,0,0,0,0,1,0,0,0,0,0,1
1,2,1971,1,1,179900,926,1,0,0,0,0,0,0,0,0,1,0
1,1,1979,2,1,74900,603,1,0,0,0,0,0,0,0,0,1,0
2,3,1928,1,1,158500,1450,0,0,0,0,1,0,0,0,0,1,0
4,4,2014,2,1,789900,2401,0,0,0,0,1,0,0,0,0,0,1
2,3,1993,2,1,254900,1116,0,0,0,0,1,0,0,0,0,1,0
2,5,1959,1,1,332000,1040,0,0,0,0,0,1,0,0,0,0,1
3,3,2024,2,1,443900,1485,0,0,0,0,1,0,0,0,0,1,0
2,5,1974,2,2,369900,1688,0,0,0,0,0,1,0,0,0,1,0
2,2,2004,1,1,450000,1348,1,0,0,0,0,0,0,0,0,0,1
2,2,1949,2,1,269900,880,0,0,0,0,0,1,0,0,0,0,1
2,4,1963,1,2,319999,1071,0,0,0,0,0,1,0,0,0,1,0
4,3,2013,1,1,499900,1502,0,0,0,0,1,0,0,0,0,0,1
2,2,2019,1,1,344500,1058,1,0,0,0,0,0,0,0,0,0,1
2,3,1922,1,2,215000,632,0,0,0,0,0,1,0,0,0,1,0
1,2,2023,1,1,429900,1195,0,0,0,0,0,0,1,0,0,1,0
2,5,1927,1,1,529900,1984,0,0,0,0,1,0,0,0,0,1,0
4,5,1960,1,1,799900,2000,0,0,0,0,0,1,0,0,0,0,1
1,2,1928,2,1,219000,888,0,0,0,0,0,1,0,0,0,1,0
2,4,1945,1,1,304900,792,0,0,0,0,0,1,0,0,0,1,0
2,3,1955,2,2,247500,960,0,0,0,0,0,1,0,0,0,1,0
3,5,1966,0,2,549000,2016,0,1,0,0,0,0,0,0,0,0,1
2,2,2010,1,1,238500,1140,1,0,0,0,0,0,0,0,0,1,0
3,3,2024,2,1,489900,1523,0,0,0,0,1,0,0,0,0,0,1
4,5,2020,2,2,719900,1463,0,0,0,0,0,1,0,0,0,0,1
3,5,2021,3,1,1799900,2174,1,0,0,0,0,0,0,0,0,0,1
2,4,1964,1,2,325000,1594,0,1,0,0,0,0,0,0,0,1,0
3,3,2020,3,1,629000,1598,0,0,0,0,1,0,0,0,0,0,1
3,4,1999,2,1,510000,1491,0,0,0,0,0,1,0,0,0,1,0
2,3,1963,2,1,374900,1111,0,0,0,0,0,1,0,0,0,1,0
4,4,2005,2,1,642000,1825,0,0,0,0,1,0,0,0,0,0,1
3,4,1973,2,1,615000,2262,0,0,0,0,1,0,0,0,0,1,0
2,4,1929,2,1,379000,1072,0,0,0,0,0,1,0,0,0,1,0
4,5,2023,2,1,849900,2418,0,0,0,0,1,0,0,0,0,0,1
1,1,2016,1,1,239900,686,1,0,0,0,0,0,0,0,0,0,1
1,2,1912,2,1,125000,605,0,0,0,0,0,1,0,0,0,1,0
1,1,1914,1,1,28900,622,0,0,0,0,0,1,0,0,0,1,0
1,1,1984,1,1,499900,980,1,0,0,0,0,0,0,0,0,0,1
3,3,2023,2,1,492900,1671,0,0,0,0,1,0,0,0,0,0,1
2,4,1945,1,1,304900,792,0,0,0,0,0,1,0,0,0,1,0
2,3,1972,1,1,294900,672,0,0,0,0,0,0,1,0,0,0,1
1,2,1955,2,1,148500,560,0,0,0,0,0,1,0,0,0,1,0
3,3,2017,2,1,449900,1386,0,0,0,0,1,0,0,0,0,1,0
3,3,1912,2,2,260000,1496,0,0,0,0,1,0,0,0,0,0,1
4,4,2018,2,2,689900,1636,0,0,0,0,1,0,0,0,0,1,0
2,4,1944,2,2,249000,836,0,0,0,0,0,1,0,0,0,1,0
2,4,1974,2,1,324900,1080,0,0,0,0,0,1,0,0,0,1,0
4,5,1966,1,1,539000,2186,0,0,0,0,1,0,0,0,0,1,0
2,2,1912,2,1,399900,1171,1,0,0,0,0,0,0,0,0,0,1
1,1,2014,1,1,234900,753,1,0,0,0,0,0,0,0,0,1,0
1,2,1981,1,1,209900,800,0,0,0,0,0,1,0,0,0,1,0
3,5,1946,2,3,359900,1144,0,0,0,0,0,1,0,0,0,0,1
1,1,2006,2,1,195500,938,1,0,0,0,0,0,0,0,0,1,0
1,1,1976,1,1,94500,796,1,0,0,0,0,0,0,0,0,1,0
3,4,1926,2,1,699000,2476,0,0,0,0,1,0,0,0,0,1,0
3,4,1992,2,1,999900,1932,0,0,0,0,0,1,0,0,0,0,1
3,3,2013,2,1,799900,2352,0,0,0,0,1,0,0,0,0,1,0
1,2,1970,1,1,249900,864,0,0,0,0,1,0,0,0,0,0,1
3,3,1911,1,1,749000,2152,0,0,0,0,1,0,0,0,0,0,1
3,4,2005,2,1,475000,1220,0,0,0,0,0,1,0,0,0,1,0
3,3,1975,2,1,289000,1615,0,0,0,0,1,0,0,0,0,1,0
2,3,1959,2,2,269900,1038,0,0,0,0,0,1,0,0,0,1,0
4,4,2007,2,2,1149900,2549,0,0,0,0,0,1,0,0,0,1,0
1,4,1953,2,1,179900,912,0,0,0,0,0,1,0,0,0,1,0
2,4,1977,1,1,309900,967,0,0,0,0,0,1,0,0,0,1,0
1,2,1927,2,1,49900,740,0,0,0,0,0,1,0,0,0,1,0
3,4,2012,2,1,589900,1560,0,0,0,0,0,1,0,0,0,0,1
2,5,1954,1,2,470000,1014,0,0,0,0,0,1,0,0,0,0,1
1,1,1985,1,1,229900,677,1,0,0,0,0,0,0,0,0,0,1
3,4,1987,2,1,509900,1632,0,0,0,0,0,1,0,0,0,1,0
2,2,2012,1,1,259900,1136,0,0,0,0,1,0,0,0,0,1,0
1,3,1973,1,1,197700,864,0,0,0,0,0,1,0,0,0,1,0
4,5,1914,1,3,430000,1696,0,0,0,0,1,0,0,0,0,0,1
3,4,1956,2,3,425000,1280,0,0,0,0,0,1,0,0,0,0,1
3,4,2024,2,1,574900,1738,0,0,0,0,1,0,0,0,0,0,1
1,3,1975,2,1,189900,924,0,0,0,0,0,1,0,0,0,1,0
3,4,2003,2,1,689900,1651,0,0,0,0,0,1,0,0,0,0,1
3,5,2001,2,1,449900,1180,0,0,0,0,0,1,0,0,0,0,1
2,4,2023,2,2,349900,827,0,0,0,0,0,1,0,0,0,1,0
3,3,2024,2,1,569900,1661,0,0,0,0,1,0,0,0,0,1,0
2,2,2003,1,1,329900,1243,1,0,0,0,0,0,0,0,0,1,0
1,2,1952,1,1,149900,641,0,0,0,0,0,1,0,0,0,1,0
3,3,2020,2,1,424900,1255,0,0,0,0,1,0,0,0,0,1,0
1,1,1971,1,1,149900,650,1,0,0,0,0,0,0,0,0,1,0
2,4,1957,1,1,179910,797,0,0,0,0,0,1,0,0,0,1,0
4,3,1987,2,1,529000,1631,0,0,0,0,1,0,0,0,0,0,1
2,3,2017,1,1,449900,963,0,0,0,0,0,0,1,0,0,1,0
2,3,1986,2,1,319900,816,0,0,0,0,0,1,0,0,0,0,1
1,2,1953,1,1,69900,527,0,0,0,0,0,1,0,0,0,1,0
2,4,2010,1,2,329900,1020,0,0,0,0,0,1,0,0,0,1,0
1,3,1927,1,1,424900,966,0,0,0,0,1,0,0,0,0,0,1
4,4,2015,2,1,579900,1485,0,0,0,0,1,0,0,0,0,0,1
3,3,2024,0,1,475000,1200,0,0,0,0,0,1,0,0,0,0,1
2,4,1976,2,1,309900,864,0,0,0,0,0,1,0,0,0,0,1
1,3,1917,0,1,198800,1020,0,0,0,0,1,0,0,0,0,0,1
4,4,1986,2,2,439900,1585,0,0,0,0,1,0,0,0,0,1,0
3,3,2021,2,1,614900,1941,0,0,0,0,1,0,0,0,0,0,1
2,4,1971,1,1,264500,954,0,0,0,0,0,1,0,0,0,1,0
4,5,2023,3,1,1139000,2289,0,0,0,0,0,1,0,0,0,1,0
2,3,1985,2,1,419000,1035,0,0,0,0,0,1,0,0,0,0,1
3,3,2011,2,1,899900,1703,0,0,0,0,0,1,0,0,0,0,1
2,5,2014,1,2,429900,1033,0,0,0,0,0,1,0,0,0,1,0
2,2,1928,1,1,149900,752,0,0,0,0,0,1,0,0,0,1,0
3,3,2006,2,1,569000,1795,0,0,0,0,1,0,0,0,0,0,1
2,4,1962,2,1,369900,1210,0,0,0,0,0,1,0,0,0,1,0
1,1,2014,1,1,180000,614,1,0,0,0,0,0,0,0,0,1,0
2,2,2012,1,1,310000,1087,1,0,0,0,0,0,0,0,0,1,0
4,3,1986,2,1,559900,1823,0,0,0,0,1,0,0,0,0,0,1
1,1,1920,1,1,275000,963,1,0,0,0,0,0,0,0,0,1,0
3,5,1912,1,2,373000,1950,0,0,0,0,1,0,0,0,0,0,1
3,3,2015,2,1,369900,1160,0,0,0,0,1,0,0,0,0,1,0
2,2,1923,2,1,299900,840,0,0,0,0,1,0,0,0,0,0,1
3,3,2024,2,1,589900,1866,0,0,0,0,1,0,0,0,0,1,0
3,3,2020,3,1,519900,1365,0,0,0,0,1,0,0,0,0,1,0
1,3,1964,2,1,314900,768,0,0,0,0,0,1,0,0,0,0,1
3,5,1984,2,1,379900,1260,0,0,0,0,0,1,0,0,0,1,0
1,2,1929,2,1,159900,700,0,0,0,0,0,1,0,0,0,1,0
2,2,2007,1,1,689900,1368,1,0,0,0,0,0,0,0,0,0,1
3,2,2016,2,1,399900,1074,0,0,0,0,1,0,0,0,0,0,1
1,2,1928,1,1,97500,611,0,0,0,0,0,1,0,0,0,1,0
3,5,2013,2,2,1050000,2433,0,0,0,0,0,1,0,0,0,1,0
4,4,2022,2,1,749900,2074,0,0,0,0,1,0,0,0,0,0,1
2,5,1950,1,1,390000,1410,0,0,0,0,0,1,0,0,0,0,1
2,3,1974,1,1,319900,1282,0,0,0,0,0,1,0,0,0,1,0
4,3,2013,3,1,649900,1953,0,0,0,0,1,0,0,0,0,1,0
3,2,2010,1,1,349000,1222,0,0,0,0,1,0,0,0,0,1,0
3,4,1974,2,2,399900,1916,0,0,0,0,1,0,0,0,0,1,0
4,5,1912,0,3,599900,1497,0,0,0,0,1,0,0,0,0,0,1
3,4,1929,2,3,199900,1240,0,0,0,0,1,0,0,0,0,1,0
3,3,2024,2,1,443900,1485,0,0,0,0,1,0,0,0,0,1,0
2,2,2014,1,1,334900,900,1,0,0,0,0,0,0,0,0,0,1
3,4,1983,2,1,399900,1731,0,0,0,0,1,0,0,0,0,1,0
3,5,2017,2,2,669000,1483,0,0,0,0,0,1,0,0,0,0,1
1,3,2013,2,1,259900,1098,0,0,0,0,0,0,1,0,0,0,1
3,3,1975,2,1,487900,1381,0,0,0,0,0,1,0,0,0,1,0
2,2,2019,1,1,554900,953,1,0,0,0,0,0,0,0,0,0,1
1,2,1908,1,1,249000,1085,0,0,0,0,0,0,0,0,1,1,0
2,4,1962,2,1,289900,960,0,0,0,0,0,1,0,0,0,1,0
4,4,2011,2,1,659900,1899,0,0,0,0,1,0,0,0,0,0,1
2,5,1958,2,1,349900,1120,0,0,0,0,0,1,0,0,0,1,0
3,4,1987,2,1,499900,1162,0,0,0,0,0,1,0,0,0,0,1
4,4,2020,2,1,620000,1984,0,0,0,0,1,0,0,0,0,0,1
3,3,2023,2,1,829900,1915,0,0,0,0,1,0,0,0,0,0,1
1,3,1977,1,1,159900,960,0,0,0,0,0,0,1,0,0,1,0
1,3,1928,1,1,149900,720,0,0,0,0,0,1,0,0,0,1,0
1,3,1969,1,1,166900,1008,0,0,0,0,1,0,0,0,0,1,0
3,3,2025,2,1,624900,1628,0,0,0,0,1,0,0,0,0,0,1
2,2,2012,2,1,209900,958,0,0,0,0,0,0,1,0,0,1,0
4,5,2024,2,2,664900,1810,0,0,0,0,1,0,0,0,0,0,1
1,2,1979,1,1,164900,990,0,0,0,0,0,0,1,0,0,1,0
3,4,1969,2,2,629900,2255,0,0,0,0,1,0,0,0,0,1,0
4,5,2015,1,2,519900,1458,0,0,0,0,1,0,0,0,0,1,0
4,4,2017,2,1,1399900,1923,0,0,0,0,0,1,0,0,0,0,1
2,3,1961,1,1,309900,923,0,0,0,0,0,1,0,0,0,0,1
1,2,1983,1,1,164900,877,1,0,0,0,0,0,0,0,0,0,1
4,4,1992,2,1,859900,2310,0,0,0,0,1,0,0,0,0,1,0
2,4,1979,1,1,319500,1059,0,0,0,0,0,1,0,0,0,1,0
2,2,1984,1,1,179900,974,0,0,0,0,0,0,1,0,0,1,0
1,3,1931,1,1,399900,978,0,0,0,0,0,1,0,0,0,0,1
2,3,1983,1,1,209900,1313,0,0,0,0,0,0,1,0,0,0,1
2,1,2025,2,1,679900,1110,0,0,0,0,0,0,1,0,0,0,1
1,2,2006,2,1,219900,861,1,0,0,0,0,0,0,0,0,0,1
4,5,1979,3,1,659900,2849,0,0,0,0,1,0,0,0,0,0,1
4,4,1983,2,1,464900,1616,0,0,0,0,1,0,0,0,0,1,0
4,5,2013,3,1,719999,2179,0,0,0,0,1,0,0,0,0,0,1
1,2,1920,2,1,179900,1088,0,0,0,0,0,1,0,0,0,0,1
2,3,1949,1,1,259900,842,0,0,0,0,0,1,0,0,0,1,0
3,3,2022,2,1,674900,1663,0,0,0,0,1,0,0,0,0,0,1
1,2,1984,1,1,199000,969,1,0,0,0,0,0,0,0,0,0,1
2,2,2011,1,1,279900,1001,1,0,0,0,0,0,0,0,0,0,1
2,2,2014,1,1,259900,1023,0,0,0,0,1,0,0,0,0,1,0
4,3,2002,2,1,385800,1365,0,0,0,0,1,0,0,0,0,0,1
1,2,2017,2,1,240000,911,1,0,0,0,0,0,0,0,0,0,1
2,4,2013,1,1,214900,960,0,0,0,0,0,0,1,0,0,0,1
4,4,2003,2,2,524900,1841,0,0,0,0,1,0,0,0,0,0,1
3,5,1974,1,1,274900,1124,0,0,0,0,0,1,0,0,0,1,0
1,2,1912,0,1,219900,1018,0,0,0,0,1,0,0,0,0,0,1
2,3,1973,1,1,155000,1034,0,0,0,0,0,0,1,0,0,1,0
2,4,1946,1,2,450000,816,0,0,0,0,0,1,0,0,0,0,1
3,3,1957,2,1,389999,1288,0,0,0,0,0,1,0,0,0,1,0
4,4,2006,2,1,639900,1890,0,0,0,0,1,0,0,0,0,0,1
2,2,2012,1,1,259900,1119,0,0,0,0,0,0,1,0,0,1,0
4,5,2013,2,1,1059000,2430,0,0,0,0,1,0,0,0,0,1,0
2,3,2003,2,1,279900,1116,0,0,0,0,1,0,0,0,0,0,1
2,4,1955,1,1,199900,759,0,0,0,0,0,1,0,0,0,0,1
2,5,1969,1,2,210000,977,0,0,0,0,0,0,1,0,0,1,0
4,4,2012,2,1,869897,1805,0,0,0,0,0,1,0,0,0,0,1
1,3,1967,1,1,274900,925,0,0,0,0,0,1,0,0,0,0,1
2,2,2012,1,1,339900,1055,1,0,0,0,0,0,0,0,0,1,0
4,5,1996,2,1,589000,1638,0,0,0,0,0,1,0,0,0,0,1
4,4,2018,2,1,749900,2176,0,0,0,0,1,0,0,0,0,1,0
2,2,2012,1,1,259900,1119,0,0,0,0,0,0,1,0,0,1,0
2,3,1970,1,1,284900,1368,0,0,0,0,1,0,0,0,0,1,0
1,1,1976,1,1,94500,796,1,0,0,0,0,0,0,0,0,1,0
1,2,1949,2,1,84900,800,0,0,0,0,0,1,0,0,0,1,0
1,3,1944,1,1,159900,1098,0,0,0,0,0,1,0,0,0,1,0
3,2,1913,2,1,415000,2058,0,0,0,0,0,0,0,0,1,1,0
2,3,1974,2,1,285400,846,0,0,0,0,0,1,0,0,0,1,0
3,3,2014,2,1,495900,1554,0,0,0,0,1,0,0,0,0,0,1
2,3,2006,1,1,650000,1787,1,0,0,0,0,0,0,0,0,0,1
1,3,1963,1,1,274900,1340,0,0,0,0,0,1,0,0,0,0,1
3,3,2024,1,1,384900,1340,0,0,0,0,1,0,0,0,0,1,0
3,2,2013,1,1,265000,998,0,0,0,0,1,0,0,0,0,0,1
2,3,1962,1,1,324900,992,0,0,0,0,0,1,0,0,0,1,0
1,1,1914,2,1,92500,496,0,0,0,0,0,1,0,0,0,1,0
4,5,2004,2,2,779900,2036,0,0,0,0,1,0,0,0,0,0,1
3,4,2013,2,1,769000,1534,0,0,0,0,0,1,0,0,0,1,0
2,3,1982,2,2,279900,1080,0,0,0,0,0,1,0,0,0,0,1
3,5,1999,2,1,439900,1145,0,0,0,0,0,1,0,0,0,0,1
2,2,1933,2,1,215000,830,0,0,0,0,0,1,0,0,0,1,0
3,3,2013,2,1,599900,1998,0,0,0,0,1,0,0,0,0,0,1
4,4,2012,2,1,439900,1424,0,0,0,0,1,0,0,0,0,1,0
2,2,1999,2,1,279900,1065,1,0,0,0,0,0,0,0,0,1,0
1,1,1964,1,1,159900,812,1,0,0,0,0,0,0,0,0,0,1
1,2,2001,2,1,209900,745,0,0,0,0,0,0,1,0,0,1,0
2,2,2012,1,1,339900,1055,1,0,0,0,0,0,0,0,0,1,0
3,3,1986,2,1,464900,1372,0,0,0,0,0,1,0,0,0,1,0
2,4,2010,1,2,329900,1020,0,0,0,0,0,1,0,0,0,1,0
4,5,2010,2,1,532900,1573,0,0,0,0,1,0,0,0,0,0,1
4,4,2011,2,1,459000,1566,0,0,0,0,1,0,0,0,0,1,0
3,4,1988,2,1,759900,2100,0,0,0,0,0,1,0,0,0,1,0
2,2,1929,2,1,99900,1035,0,0,0,0,0,1,0,0,0,1,0
2,2,2020,1,1,499900,1066,1,0,0,0,0,0,0,0,0,1,0
1,1,2017,1,1,174900,425,0,0,0,0,0,0,1,0,0,1,0
1,2,2017,1,1,234900,760,0,0,0,0,0,0,1,0,0,0,1
2,3,1998,1,1,279900,1120,0,0,0,0,1,0,0,0,0,0,1
2,2,2010,2,1,549900,1356,0,0,0,0,0,0,1,0,0,1,0
2,2,1925,1,1,159000,894,0,0,0,0,0,1,0,0,0,1,0
1,2,2006,1,1,209900,872,1,0,0,0,0,0,0,0,0,0,1
3,3,2024,2,1,443900,1485,0,0,0,0,1,0,0,0,0,1,0
4,4,2015,2,2,499900,1434,0,0,0,0,1,0,0,0,0,1,0
2,4,1945,1,1,170000,1088,0,0,0,0,0,1,0,0,0,1,0
2,2,1984,1,1,414900,1320,0,0,0,0,0,0,1,0,0,0,1
2,3,2000,1,1,285000,865,0,0,0,0,0,1,0,0,0,1,0
1,2,1985,1,1,239900,943,1,0,0,0,0,0,0,0,0,0,1
2,3,1961,1,1,329000,1120,0,0,0,0,0,1,0,0,0,1,0
2,2,2012,2,1,412500,1453,1,0,0,0,0,0,0,0,0,1,0
1,3,1977,2,1,149900,998,0,0,0,0,0,0,1,0,0,1,0
2,5,1975,2,1,295000,919,0,0,0,0,0,1,0,0,0,0,1
2,5,1988,2,2,149900,936,0,0,0,0,0,1,0,0,0,1,0
2,4,1921,0,2,249900,1230,0,0,0,0,0,1,0,0,0,0,1
4,3,2016,1,1,398900,1483,0,0,0,0,1,0,0,0,0,0,1
1,4,1969,1,1,280000,913,0,0,0,0,0,1,0,0,0,0,1
2,3,1924,1,1,470000,1568,0,0,0,0,1,0,0,0,0,1,0
2,2,2013,1,1,239900,1008,0,0,0,0,0,0,1,0,0,0,1
1,2,1916,1,1,59900,640,0,0,0,0,0,1,0,0,0,1,0
1,3,1930,1,1,129900,750,0,0,0,0,0,1,0,0,0,0,1
3,3,2008,2,1,459900,1224,0,0,0,0,1,0,0,0,0,0,1
1,1,1969,1,1,147900,640,1,0,0,0,0,0,0,0,0,0,1
2,3,1987,2,1,249900,1080,0,0,0,0,1,0,0,0,0,0,1
2,5,1959,2,1,449900,1192,0,0,0,0,0,1,0,0,0,1,0
1,2,1956,1,1,119900,732,0,0,0,0,0,1,0,0,0,1,0
2,3,2015,1,1,334900,1245,0,0,0,0,1,0,0,0,0,0,1
4,4,2016,1,2,569900,1530,0,0,0,0,1,0,0,0,0,0,1
2,2,2004,1,1,192900,1044,0,0,0,0,1,0,0,0,0,1,0
4,5,2017,3,1,829900,2310,0,0,0,0,1,0,0,0,0,0,1
3,5,2014,2,1,1150000,1857,0,0,0,0,0,1,0,0,0,1,0
1,1,2012,1,1,209900,527,1,0,0,0,0,0,0,0,0,1,0
1,3,1963,2,1,339900,1023,0,0,0,0,0,1,0,0,0,1,0
3,4,2022,2,1,849000,1592,0,0,0,0,0,1,0,0,0,1,0
4,4,1983,2,1,689900,2000,0,0,0,0,1,0,0,0,0,0,1
4,4,2006,2,1,465000,1350,0,0,0,0,1,0,0,0,0,0,1
2,4,1976,2,1,309900,864,0,0,0,0,0,1,0,0,0,0,1
3,5,1950,2,3,699500,2936,0,0,0,0,1,0,0,0,0,1,0
2,2,1972,1,1,239900,969,1,0,0,0,0,0,0,0,0,1,0
2,2,1970,2,1,250000,970,0,0,0,0,0,1,0,0,0,1,0
2,2,2013,2,2,484900,1425,1,0,0,0,0,0,0,0,0,1,0
1,4,1965,1,1,319900,968,0,0,0,0,0,1,0,0,0,0,1
4,5,2019,2,2,729000,1531,0,0,0,0,0,1,0,0,0,0,1
3,5,1993,2,1,389900,1217,0,0,0,0,0,1,0,0,0,0,1
2,2,2015,2,1,379900,1313,0,0,0,0,0,0,1,0,0,0,1
1,2,1982,1,1,139900,829,1,0,0,0,0,0,0,0,0,0,1
2,3,1961,2,1,329900,1040,0,0,0,0,0,1,0,0,0,1,0
2,3,1912,1,1,349900,1284,0,0,0,0,1,0,0,0,0,0,1
4,4,1998,2,2,1675000,2379,0,0,0,0,1,0,0,0,0,0,1
4,4,2003,2,2,524900,1841,0,0,0,0,1,0,0,0,0,0,1
1,2,1979,1,1,129900,894,0,0,0,0,0,0,1,0,0,1,0
3,3,2019,2,1,589900,1793,0,0,0,0,1,0,0,0,0,0,1
3,2,2013,2,1,269900,1023,0,0,0,0,1,0,0,0,0,1,0
3,5,2014,2,1,679900,1329,0,0,0,0,0,1,0,0,0,0,1
2,2,1987,1,1,190000,980,1,0,0,0,0,0,0,0,0,1,0
3,5,1982,2,1,479900,1640,0,0,0,0,0,1,0,0,0,1,0
3,5,2003,2,1,589900,1542,0,0,0,0,0,1,0,0,0,1,0
2,3,1960,2,1,264900,1040,0,0,0,0,0,1,0,0,0,1,0
3,3,2024,2,1,489900,1581,0,0,0,0,1,0,0,0,0,0,1
2,2,1953,1,1,139900,672,0,0,0,0,0,1,0,0,0,1,0
3,4,2021,2,1,614900,1797,0,0,0,0,1,0,0,0,0,0,1
3,4,1988,2,1,509900,1167,0,0,0,0,0,1,0,0,0,0,1
3,3,2024,1,1,497900,1495,0,0,0,0,1,0,0,0,0,0,1
1,2,2010,2,1,184999,753,0,0,0,0,0,0,1,0,0,1,0
2,5,1959,1,2,285000,1056,0,0,0,0,0,1,0,0,0,0,1
2,3,1961,1,2,289900,1092,0,0,0,0,0,1,0,0,0,1,0
2,5,2015,1,2,159999,988,0,0,0,0,0,1,0,0,0,1,0
2,2,2013,1,1,279900,1001,1,0,0,0,0,0,0,0,0,1,0
3,3,2021,2,1,1600000,2444,1,0,0,0,0,0,0,0,0,0,1
4,5,2013,2,2,615000,1460,0,0,0,0,0,1,0,0,0,0,1
4,4,1999,2,1,575000,1629,0,0,0,0,1,0,0,0,0,1,0
4,5,2002,3,1,1269000,3300,0,0,0,0,1,0,0,0,0,1,0
2,4,1952,2,1,339900,914,0,0,0,0,0,1,0,0,0,1,0
3,3,2025,2,1,479900,1484,0,0,0,0,1,0,0,0,0,0,1
4,3,2016,2,1,424900,1274,0,0,0,0,1,0,0,0,0,1,0
3,3,2025,1,1,624900,1628,0,0,0,0,1,0,0,0,0,0,1
2,2,2010,1,1,224900,915,0,0,0,0,0,0,1,0,0,1,0
1,1,1977,1,1,99900,698,0,0,0,0,0,0,1,0,0,1,0
4,5,1981,2,1,535000,1804,0,0,0,0,1,0,0,0,0,0,1
4,3,2012,2,1,519900,1576,0,0,0,0,1,0,0,0,0,0,1
3,4,1960,1,1,699900,2052,0,0,0,0,0,1,0,0,0,1,0
2,3,1955,1,2,218900,760,0,0,0,0,0,1,0,0,0,0,1
2,4,1964,2,1,329900,1165,0,0,0,0,0,1,0,0,0,1,0
2,2,2005,1,1,254900,992,1,0,0,0,0,0,0,0,0,1,0
4,5,2013,2,3,539900,1225,0,0,0,0,0,1,0,0,0,0,1
1,2,1918,0,1,139900,583,0,0,0,0,0,1,0,0,0,0,1
4,4,2015,1,2,549000,1458,0,0,0,0,1,0,0,0,0,0,1
4,4,1966,2,1,849900,3325,0,0,0,0,1,0,0,0,0,1,0
3,3,2024,2,1,484900,1523,0,0,0,0,1,0,0,0,0,0,1
3,3,2024,1,1,497900,1495,0,0,0,0,1,0,0,0,0,0,1
4,4,2010,1,2,334900,1572,0,0,0,0,1,0,0,0,0,1,0
1,3,1952,1,1,309900,1260,0,0,0,0,0,1,0,0,0,0,1
2,3,2017,1,1,299000,1026,0,0,0,0,1,0,0,0,0,1,0
2,3,2003,2,1,239900,1080,0,0,0,0,0,0,1,0,0,1,0
4,5,2015,2,2,519999,1150,0,0,0,0,0,1,0,0,0,0,1
1,4,1924,2,1,74950,850,0,0,0,0,0,1,0,0,0,1,0
2,4,1958,1,2,419900,1020,0,0,0,0,0,1,0,0,0,0,1
2,4,1970,1,1,375000,1058,0,0,0,0,0,1,0,0,0,0,1
1,2,1953,2,1,249000,648,0,0,0,0,0,1,0,0,0,1,0
1,2,1929,2,1,65000,660,0,0,0,0,0,1,0,0,0,1,0
2,3,1928,1,2,474000,1917,0,0,0,0,1,0,0,0,0,1,0
1,2,1967,1,1,295900,805,0,0,0,0,0,0,1,0,0,0,1
4,5,2024,2,1,949900,2241,0,0,0,0,1,0,0,0,0,1,0
2,4,1960,1,2,299900,864,0,0,0,0,0,1,0,0,0,0,1
1,3,1913,1,1,59900,720,0,0,0,0,0,1,0,0,0,1,0
2,5,1974,1,1,337900,1259,0,0,0,0,0,1,0,0,0,1,0
1,2,1976,1,1,99000,909,0,0,0,0,0,0,1,0,0,1,0
3,4,1969,1,1,499900,2088,0,0,0,0,1,0,0,0,0,0,1
2,2,2006,1,1,389900,1036,1,0,0,0,0,0,0,0,0,0,1
1,3,1927,1,1,309900,906,0,0,0,0,0,1,0,0,0,0,1
2,4,1978,2,1,229800,1007,0,0,0,0,0,0,1,0,0,1,0
1,3,1952,1,1,119000,720,0,0,0,0,0,1,0,0,0,1,0
2,3,1959,1,1,224700,768,0,0,0,0,0,1,0,0,0,1,0
2,3,1934,1,1,649900,1707,0,0,0,0,1,0,0,0,0,0,1
1,3,1983,1,1,189900,1066,1,0,0,0,0,0,0,0,0,0,1
1,2,1946,1,1,134900,700,0,0,0,0,0,1,0,0,0,1,0
4,5,2016,2,1,995500,2183,0,0,0,0,1,0,0,0,0,0,1
1,2,1982,1,2,135000,823,0,0,0,0,0,0,1,0,0,1,0
2,4,1972,2,1,265000,1408,0,0,0,0,0,1,0,0,0,1,0
4,5,1963,1,2,539900,1963,0,0,0,0,0,0,0,0,0,0,1
2,4,1931,1,1,324900,2016,0,0,0,0,1,0,0,0,0,0,1
3,3,2016,0,1,299900,1396,0,0,0,0,1,0,0,0,0,0,1
1,2,1947,1,1,125000,730,0,0,0,0,0,1,0,0,0,1,0
4,5,1965,0,2,689900,1824,0,1,0,0,0,0,0,0,0,0,1
1,2,1929,1,1,139900,1341,0,0,0,0,0,1,0,0,0,1,0
2,2,2024,0,1,199900,952,0,0,1,0,0,0,0,0,0,0,1
2,5,1952,1,2,389900,1012,0,0,0,0,0,1,0,0,0,0,1
1,2,1982,1,1,215000,852,0,0,0,0,0,0,1,0,0,0,1
1,1,1930,0,1,84900,500,0,0,0,0,0,1,0,0,0,0,1
3,3,2024,1,1,899900,2641,0,0,0,0,1,0,0,0,0,0,1
1,2,1976,1,1,99000,909,0,0,0,0,0,0,1,0,0,1,0
2,3,1928,1,1,274900,1287,0,0,0,0,0,1,0,0,0,1,0
2,2,2013,1,1,238500,912,1,0,0,0,0,0,0,0,0,1,0
1,3,1955,2,1,289900,1092,0,0,0,0,0,1,0,0,0,1,0
1,3,1949,1,1,89900,929,0,0,0,0,0,1,0,0,0,1,0
2,3,1912,1,1,439900,1320,0,0,0,0,1,0,0,0,0,0,1
1,3,1950,1,1,239900,966,0,0,0,0,0,1,0,0,0,1,0
2,2,1912,2,1,239900,1210,0,0,0,0,0,1,0,0,0,1,0
2,2,2009,1,1,384900,1324,1,0,0,0,0,0,0,0,0,1,0
4,4,2020,2,1,599900,1473,0,0,0,0,1,0,0,0,0,0,1
1,1,2013,1,1,149900,581,1,0,0,0,0,0,0,0,0,0,1
2,3,1952,2,1,295500,866,0,0,0,0,0,1,0,0,0,1,0
2,4,2010,1,2,329900,1020,0,0,0,0,0,1,0,0,0,1,0
3,3,2024,2,1,449900,1541,0,0,0,0,1,0,0,0,0,0,1
2,4,1963,1,2,319999,1071,0,0,0,0,0,1,0,0,0,1,0
3,2,1913,2,1,415000,2058,0,0,0,0,0,0,0,0,1,1,0
3,3,2024,1,1,619900,1695,0,0,0,0,1,0,0,0,0,0,1
2,4,1972,2,1,265000,1408,0,0,0,0,0,1,0,0,0,1,0
4,5,2015,2,1,499900,1443,0,0,0,0,1,0,0,0,0,0,1
2,4,1957,2,1,274900,1066,0,0,0,0,0,1,0,0,0,1,0
3,5,1908,1,3,379900,1596,0,0,0,0,1,0,0,0,0,1,0
1,3,1924,1,1,288000,1092,0,0,0,0,1,0,0,0,0,1,0
2,4,1943,2,1,629900,1570,0,0,0,0,1,0,0,0,0,1,0
4,4,1993,2,1,699000,1967,0,0,0,0,1,0,0,0,0,0,1
3,3,1975,2,1,499800,1692,0,0,0,0,1,0,0,0,0,1,0
1,2,1942,2,1,109900,1050,0,0,0,0,0,1,0,0,0,1,0
1,2,1958,1,1,172000,783,0,0,0,0,0,1,0,0,0,1,0
4,4,2009,3,2,979900,1888,0,0,0,0,1,0,0,0,0,0,1
2,3,1955,2,2,247500,960,0,0,0,0,0,1,0,0,0,1,0
2,4,1971,2,2,282500,1196,0,0,0,0,0,1,0,0,0,1,0
3,3,2024,2,1,499900,1523,0,0,0,0,1,0,0,0,0,0,1
3,5,1910,2,3,324900,2206,0,0,0,0,1,0,0,0,0,1,0
1,1,1953,1,1,109900,546,0,0,0,0,0,1,0,0,0,1,0
2,4,1921,2,1,134800,1153,0,0,0,0,1,0,0,0,0,1,0
3,3,2023,1,1,739900,1605,0,0,0,0,0,0,1,0,0,0,1
3,4,2024,2,1,524900,1612,0,0,0,0,1,0,0,0,0,1,0
2,3,1952,0,2,279000,636,0,0,0,0,0,1,0,0,0,0,1
2,3,1927,2,1,299900,816,0,0,0,0,0,1,0,0,0,1,0
1,3,1955,2,1,209900,960,0,0,0,0,0,1,0,0,0,1,0
2,4,1975,2,2,229900,826,0,0,0,0,0,1,0,0,0,1,0
3,4,2013,2,1,799900,1573,0,0,0,0,0,1,0,0,0,0,1
3,5,2024,2,1,669900,2213,0,0,0,0,1,0,0,0,0,1,0
3,5,1966,1,1,399900,2004,0,0,0,0,0,1,0,0,0,1,0
4,5,1981,2,1,535000,1804,0,0,0,0,1,0,0,0,0,0,1
1,3,1912,0,1,234900,1055,0,0,0,0,0,1,0,0,0,0,1
3,4,2015,2,1,479900,1231,0,0,0,0,0,1,0,0,0,0,1
1,3,1963,2,1,269900,1040,0,0,0,0,0,1,0,0,0,1,0
2,3,2000,2,1,609000,1922,0,0,0,0,0,1,0,0,0,0,1
1,2,2012,1,1,249900,1001,0,0,0,0,0,0,1,0,0,0,1
4,5,1982,1,2,499900,2272,0,0,0,0,1,0,0,0,0,0,1
3,5,1953,2,1,670000,2072,0,0,0,0,1,0,0,0,0,1,0
1,2,1945,2,1,79000,672,0,0,0,0,0,1,0,0,0,1,0
3,3,2024,3,1,659900,1874,0,0,0,0,1,0,0,0,0,0,1
2,4,1967,1,1,368888,1066,0,0,0,0,0,0,1,0,0,0,1
2,4,1956,2,1,429000,1084,0,0,0,0,0,1,0,0,0,0,1
4,4,2013,2,1,829900,1928,0,0,0,0,1,0,0,0,0,0,1
4,5,2015,3,1,2490000,2825,0,0,0,0,1,0,0,0,0,0,1
2,2,2000,1,1,299900,1270,1,0,0,0,0,0,0,0,0,1,0
2,3,1951,1,1,239999,912,0,0,0,0,0,1,0,0,0,1,0
1,2,1979,0,1,169900,702,1,0,0,0,0,0,0,0,0,0,1
1,3,1927,1,1,179000,1161,0,0,0,0,0,1,0,0,0,1,0
3,5,2013,2,1,474900,1008,0,0,0,0,0,1,0,0,0,0,1
2,3,1915,1,1,329900,921,0,0,0,0,1,0,0,0,0,0,1
3,3,1950,1,1,574900,2067,0,0,0,0,1,0,0,0,0,1,0
4,4,2011,2,1,499900,1490,0,0,0,0,1,0,0,0,0,1,0
2,4,1973,2,1,299900,1040,0,0,0,0,0,1,0,0,0,1,0
1,2,1952,2,1,164900,720,0,0,0,0,0,1,0,0,0,1,0
4,5,2015,2,2,689900,1490,0,0,0,0,1,0,0,0,0,0,1
4,4,2016,1,2,569900,1530,0,0,0,0,1,0,0,0,0,0,1
2,4,1977,1,1,339800,1039,0,0,0,0,0,1,0,0,0,0,1
2,2,1912,2,1,199900,1312,0,0,0,0,1,0,0,0,0,1,0
3,3,2024,1,1,384900,1340,0,0,0,0,1,0,0,0,0,1,0
2,3,1956,1,1,197700,677,0,0,0,0,0,1,0,0,0,1,0
3,4,1995,3,2,1080000,1979,0,0,0,0,0,1,0,0,0,1,0
3,5,1972,1,1,343500,1120,0,0,0,0,0,1,0,0,0,0,1
4,3,2012,1,1,359900,1381,0,0,0,0,1,0,0,0,0,1,0
1,5,1908,1,1,258000,1705,0,0,0,0,1,0,0,0,0,1,0
2,3,1978,1,1,269900,600,0,0,0,0,0,0,1,0,0,0,1
1,2,1941,1,1,194900,860,0,0,0,0,0,1,0,0,0,1,0
2,4,1973,2,1,270000,1296,0,0,0,0,0,1,0,0,0,1,0
3,3,2023,2,1,669900,1695,0,0,0,0,1,0,0,0,0,0,1
1,0,1971,1,1,204900,864,0,0,0,0,0,1,0,0,0,1,0
2,4,1953,1,1,339900,1008,0,0,0,0,0,1,0,0,0,1,0
2,2,2020,1,1,474900,1205,1,0,0,0,0,0,0,0,0,1,0
1,3,1963,1,1,152900,954,0,0,0,0,1,0,0,0,0,1,0
4,3,2012,2,1,539900,1656,0,0,0,0,1,0,0,0,0,1,0
4,4,2014,3,1,1225900,2495,0,0,0,0,1,0,0,0,0,0,1
2,5,1963,2,2,469900,1120,0,0,0,0,0,1,0,0,0,0,1
2,4,1965,2,1,290000,1040,0,0,0,0,0,1,0,0,0,1,0
3,4,1998,2,1,579900,1722,0,0,0,0,0,1,0,0,0,0,1
2,3,1963,2,1,314900,896,0,0,0,0,0,1,0,0,0,0,1
4,6,2010,3,1,1890000,4104,0,0,0,0,1,0,0,0,0,1,0
2,2,2008,1,1,315000,1153,1,0,0,0,0,0,0,0,0,1,0
4,5,1977,2,1,549900,1910,0,0,0,0,1,0,0,0,0,0,1
1,2,1983,1,1,139900,738,0,0,0,0,1,0,0,0,0,0,1
4,3,2010,2,1,589900,1840,0,0,0,0,1,0,0,0,0,0,1
2,2,2000,2,1,199900,1600,0,0,1,0,0,0,0,0,0,0,1
1,2,2011,2,1,239900,859,0,0,0,0,0,1,0,0,0,0,1
1,3,1975,1,1,259900,853,0,0,0,0,0,1,0,0,0,1,0
2,3,2006,1,1,278900,1191,0,0,0,0,1,0,0,0,0,1,0
1,2,1979,1,1,89900,825,1,0,0,0,0,0,0,0,0,1,0
3,3,2024,2,1,459900,1505,0,0,0,0,1,0,0,0,0,0,1
4,4,2017,2,2,519900,1960,0,0,0,1,0,0,0,0,0,1,0
3,3,1986,2,1,410000,1506,0,0,0,0,0,1,0,0,0,1,0
2,4,1958,2,1,325000,975,0,0,0,0,0,1,0,0,0,1,0
3,4,1984,2,1,539900,1295,0,0,0,0,0,1,0,0,0,0,1
2,2,1908,1,2,269900,1257,0,0,0,0,0,1,0,0,0,1,0
3,2,2011,1,1,379900,1415,0,0,0,0,1,0,0,0,0,1,0
3,3,2024,2,1,443900,1485,0,0,0,0,1,0,0,0,0,1,0
3,4,2025,2,1,629900,1766,0,0,0,0,1,0,0,0,0,0,1
2,3,1973,2,1,149999,1034,0,0,0,0,1,0,0,0,0,1,0
1,3,1961,1,1,199900,888,0,0,0,0,0,1,0,0,0,1,0
2,2,2003,1,1,256900,1011,1,0,0,0,0,0,0,0,0,0,1
1,2,1968,2,1,159900,950,1,0,0,0,0,0,0,0,0,0,1
2,3,1924,1,1,99500,1040,0,0,0,0,1,0,0,0,0,1,0
4,5,1981,2,1,784900,2381,0,0,0,0,1,0,0,0,0,0,1
2,5,1963,1,2,299000,960,0,0,0,0,0,1,0,0,0,0,1
2,3,2003,1,1,179900,742,0,0,0,0,0,0,1,0,0,0,1
3,4,1964,2,1,599900,1624,0,0,0,0,0,1,0,0,0,1,0
3,4,1933,2,1,674900,1940,0,0,0,0,1,0,0,0,0,0,1
3,4,1954,1,3,240000,989,0,0,0,0,0,1,0,0,0,0,1
2,4,1942,1,2,350000,1800,0,0,0,0,0,1,0,0,0,0,1
3,3,2002,2,1,424900,1258,0,0,0,0,0,1,0,0,0,1,0
2,2,2002,1,1,259900,1202,0,0,0,0,1,0,0,0,0,1,0
2,5,1977,2,2,399900,1026,0,0,0,0,0,1,0,0,0,0,1
2,4,1956,1,2,369000,816,0,0,0,0,0,1,0,0,0,0,1
3,3,2009,1,1,319900,1401,0,0,0,0,1,0,0,0,0,0,1
4,4,2018,1,1,459900,1550,0,0,0,0,1,0,0,0,0,1,0
4,4,2009,3,1,1549000,2232,0,0,0,0,0,1,0,0,0,1,0
2,5,1974,1,1,309900,1076,0,0,0,0,0,1,0,0,0,1,0
4,5,1921,1,2,290327,1907,0,0,0,0,1,0,0,0,0,0,1
3,5,1976,1,3,315781,924,0,1,0,0,0,0,0,0,0,1,0
3,3,2024,2,1,826196,2275,0,0,0,0,1,0,0,0,0,0,1
2,5,1974,2,2,368855,1688,0,0,0,0,0,1,0,0,0,1,0
3,5,2013,2,1,708837,1772,0,0,0,0,0,1,0,0,0,1,0
3,3,2024,2,1,459035,1404,0,0,0,0,1,0,0,0,0,0,1
2,4,1988,2,1,448150,1000,0,0,0,0,0,1,0,0,0,0,1
2,3,2006,1,1,277428,1191,0,0,0,0,1,0,0,0,0,1,0
3,3,2015,2,1,427355,1770,0,0,0,0,0,0,1,0,0,0,1
3,5,1973,2,1,449172,1142,0,0,0,0,0,1,0,0,0,0,1
3,3,1996,2,1,649393,1357,0,0,0,0,0,0,1,0,0,0,1
3,3,1927,2,1,341258,1403,0,0,0,0,1,0,0,0,0,1,0
2,3,2015,1,1,334784,1245,0,0,0,0,1,0,0,0,0,0,1
4,4,1992,2,1,858585,2310,0,0,0,0,1,0,0,0,0,1,0
3,4,1996,2,1,494200,1759,0,0,0,0,1,0,0,0,0,0,1
2,4,1981,1,2,388087,880,0,0,0,0,0,1,0,0,0,0,1
3,3,2024,1,1,384449,1340,0,0,0,0,1,0,0,0,0,1,0
1,4,1973,1,1,267641,1042,0,0,0,0,0,1,0,0,0,1,0
2,3,1973,2,1,148769,1034,0,0,0,0,1,0,0,0,0,1,0
3,3,1994,2,1,868149,1728,0,0,0,0,0,1,0,0,0,1,0
1,3,1920,2,1,253177,1160,0,0,0,0,0,1,0,0,0,0,1
3,3,2016,3,1,898193,1701,0,0,0,0,0,1,0,0,0,0,1
4,4,2007,2,2,1151660,2549,0,0,0,0,0,1,0,0,0,1,0
1,1,1968,0,1,108961,628,1,0,0,0,0,0,0,0,0,0,1
2,3,1962,2,1,289986,1445,0,0,0,0,0,1,0,0,0,0,1
3,4,1986,2,1,388312,1302,0,0,0,0,0,1,0,0,0,1,0
2,5,1958,2,1,351367,1120,0,0,0,0,0,1,0,0,0,1,0
2,4,1974,2,1,326468,1080,0,0,0,0,0,1,0,0,0,1,0
3,3,1973,2,1,258188,1408,0,0,0,0,1,0,0,0,0,1,0
2,3,1973,1,1,153983,1034,0,0,0,0,0,0,1,0,0,1,0
2,2,1970,1,1,400923,1155,1,0,0,0,0,0,0,0,0,0,1
1,4,1973,1,1,268817,1042,0,0,0,0,0,1,0,0,0,1,0
1,3,1948,2,1,231919,937,0,0,0,0,0,1,0,0,0,1,0
3,5,1976,1,1,449003,1431,0,0,0,0,0,1,0,0,0,0,1
2,3,1983,1,1,210910,1313,0,0,0,0,0,0,1,0,0,0,1
2,5,1974,1,2,351768,807,0,0,0,0,0,1,0,0,0,0,1
1,1,1969,1,1,139741,643,0,0,0,0,1,0,0,0,0,0,1
3,5,2013,2,1,475553,1008,0,0,0,0,0,1,0,0,0,0,1
4,5,1979,3,1,658407,2849,0,0,0,0,1,0,0,0,0,0,1
2,5,1961,2,2,321866,1050,0,0,0,0,0,1,0,0,0,1,0
4,3,2021,2,1,519577,1573,0,0,0,0,1,0,0,0,0,0,1
2,3,2006,1,1,650162,1787,1,0,0,0,0,0,0,0,0,0,1
4,4,1966,2,1,850898,3325,0,0,0,0,1,0,0,0,0,1,0
1,2,1913,1,1,300565,1195,0,0,0,0,0,1,0,0,0,1,0
2,2,2003,1,1,256934,1011,1,0,0,0,0,0,0,0,0,0,1
1,4,1969,1,1,278660,913,0,0,0,0,0,1,0,0,0,0,1
1,1,1950,0,1,241821,540,0,0,0,0,0,1,0,0,0,0,1
2,3,1949,1,1,260914,842,0,0,0,0,0,1,0,0,0,1,0
2,4,1963,1,2,321079,1071,0,0,0,0,0,1,0,0,0,1,0
2,2,2013,1,1,238124,912,1,0,0,0,0,0,0,0,0,1,0
4,4,2005,2,1,643778,1825,0,0,0,0,1,0,0,0,0,0,1
2,3,1955,2,2,245589,960,0,0,0,0,0,1,0,0,0,1,0
3,4,2021,2,1,615350,1797,0,0,0,0,1,0,0,0,0,0,1
1,2,1948,1,1,200401,680,0,0,0,0,0,1,0,0,0,0,1
2,3,1987,2,1,250601,1080,0,0,0,0,1,0,0,0,0,0,1
3,3,2024,2,1,444856,1485,0,0,0,0,1,0,0,0,0,1,0
4,5,1979,2,2,522779,1246,0,0,0,0,0,1,0,0,0,0,1
1,1,1967,1,1,169447,732,1,0,0,0,0,0,0,0,0,0,1
1,1,1950,0,1,237915,540,0,0,0,0,0,1,0,0,0,0,1
2,2,2012,1,1,308417,1087,1,0,0,0,0,0,0,0,0,1,0
2,5,1934,1,1,228328,865,0,0,0,0,0,1,0,0,0,0,1
2,5,1927,1,2,298030,1160,0,0,0,0,0,1,0,0,0,0,1
1,1,2017,1,1,175970,425,0,0,0,0,0,0,1,0,0,1,0
3,4,2025,2,1,630122,1766,0,0,0,0,1,0,0,0,0,0,1
4,5,1952,2,1,657624,1346,0,0,0,0,1,0,0,0,0,0,1
2,4,1956,2,2,273595,1176,0,0,0,0,0,1,0,0,0,1,0
1,2,1925,1,1,179386,877,0,0,0,0,0,1,0,0,0,1,0
2,2,2010,1,1,239955,1140,1,0,0,0,0,0,0,0,0,1,0
2,2,1966,1,1,239189,780,0,0,0,0,0,1,0,0,0,0,1
2,5,1957,2,2,410847,1110,0,0,0,0,0,1,0,0,0,0,1
2,3,1971,2,1,378943,867,0,0,0,0,0,1,0,0,0,0,1
2,4,1956,2,1,429752,1084,0,0,0,0,0,1,0,0,0,0,1
2,2,1986,1,1,151164,964,1,0,0,0,0,0,0,0,0,1,0
1,1,1982,1,1,139027,667,1,0,0,0,0,0,0,0,0,0,1
4,4,2000,3,1,1348878,3637,0,0,0,0,1,0,0,0,0,1,0
4,5,2014,2,1,726841,1896,0,0,0,0,1,0,0,0,0,0,1
2,3,1951,1,1,240230,912,0,0,0,0,0,1,0,0,0,1,0
3,3,2024,2,1,488497,1523,0,0,0,0,1,0,0,0,0,0,1
3,4,1988,2,1,378651,1053,0,0,0,0,0,1,0,0,0,1,0
2,5,1963,1,2,297869,960,0,0,0,0,0,1,0,0,0,0,1
4,5,2017,2,3,685914,1619,0,0,0,0,0,1,0,0,0,0,1
1,2,1912,1,1,137137,810,0,0,0,0,0,1,0,0,0,1,0
3,4,1965,1,1,336070,1084,0,0,0,0,0,1,0,0,0,1,0
2,2,1950,1,1,165331,816,0,0,0,0,0,1,0,0,0,1,0
2,2,1972,1,1,241402,969,1,0,0,0,0,0,0,0,0,1,0
2,4,1966,1,1,326891,1005,0,0,0,0,0,1,0,0,0,0,1
2,4,1977,1,1,308820,967,0,0,0,0,0,1,0,0,0,1,0
3,3,2024,1,1,478056,1486,0,0,0,0,1,0,0,0,0,0,1
1,1,1968,1,1,117802,608,0,0,0,0,0,0,1,0,0,0,1
3,3,2015,1,1,379955,1325,0,0,0,0,1,0,0,0,0,0,1
4,4,2016,1,2,571660,1530,0,0,0,0,1,0,0,0,0,0,1
4,5,2023,2,1,851098,2418,0,0,0,0,1,0,0,0,0,0,1
2,3,1980,1,1,221036,1109,1,0,0,0,0,0,0,0,0,0,1
2,5,1962,2,2,375364,1050,0,0,0,0,0,1,0,0,0,1,0
2,2,1983,1,1,193286,980,1,0,0,0,0,0,0,0,0,0,1
3,4,2024,2,1,574992,1738,0,0,0,0,1,0,0,0,0,0,1
3,3,1978,2,1,338463,1259,0,0,0,0,0,1,0,0,0,0,1
2,3,1975,2,1,220480,1016,0,0,0,0,1,0,0,0,0,1,0
3,4,1990,2,1,581169,1684,0,0,0,0,0,1,0,0,0,0,1
1,2,2013,2,1,233278,954,0,0,0,0,0,0,1,0,0,0,1
4,5,2018,2,1,1248989,2173,0,0,0,0,0,1,0,0,0,1,0
2,3,2013,1,1,479222,1214,0,0,0,0,0,1,0,0,0,0,1
1,3,1973,1,1,179310,924,0,0,0,0,0,1,0,0,0,1,0
1,3,1959,1,1,245699,960,0,0,0,0,0,1,0,0,0,0,1
3,3,1978,0,1,341806,1259,0,0,0,0,0,1,0,0,0,0,1
3,3,2024,2,1,442312,1485,0,0,0,0,1,0,0,0,0,1,0
1,2,1976,1,1,99898,909,0,0,0,0,0,0,1,0,0,1,0
3,5,2024,2,1,668536,2213,0,0,0,0,1,0,0,0,0,1,0
3,5,1967,1,2,399017,930,0,0,0,0,0,1,0,0,0,0,1
2,3,1961,2,1,241542,1200,0,0,0,0,1,0,0,0,0,1,0
1,3,1949,1,1,180172,840,0,0,0,0,0,1,0,0,0,1,0
1,3,1975,1,1,253977,864,0,0,0,0,0,1,0,0,0,0,1
1,2,2006,1,1,209057,872,1,0,0,0,0,0,0,0,0,0,1
3,4,2012,2,1,591542,1560,0,0,0,0,0,1,0,0,0,0,1
2,5,1961,2,2,318014,1050,0,0,0,0,0,1,0,0,0,1,0
4,5,1968,2,1,430052,2079,0,0,0,0,0,1,0,0,0,1,0
3,3,2011,1,1,360414,1250,0,0,0,0,1,0,0,0,0,0,1
4,4,2006,2,1,641266,1890,0,0,0,0,1,0,0,0,0,0,1
1,3,1924,1,1,243457,1150,0,0,0,0,0,1,0,0,0,1,0
3,3,2023,2,1,628898,1573,0,0,0,0,1,0,0,0,0,0,1
2,5,1957,1,2,311034,1152,0,0,0,0,0,1,0,0,0,0,1
2,2,2015,1,1,429003,1261,1,0,0,0,0,0,0,0,0,0,1
2,5,1912,2,1,268955,1820,0,0,0,0,1,0,0,0,0,1,0
1,3,1930,1,1,144237,648,0,0,0,0,0,1,0,0,0,1,0
3,3,2024,2,1,568768,1657,0,0,0,0,1,0,0,0,0,1,0
2,4,1957,1,1,178046,797,0,0,0,0,0,1,0,0,0,1,0
1,2,1982,1,1,139418,829,1,0,0,0,0,0,0,0,0,0,1
1,2,1908,1,1,254799,1214,1,0,0,0,0,0,0,0,0,1,0
4,3,2004,3,1,1396269,2706,0,0,0,0,0,1,0,0,0,0,1
1,3,1910,1,1,81413,776,0,0,0,0,0,1,0,0,0,1,0
2,4,1975,2,2,231059,826,0,0,0,0,0,1,0,0,0,1,0
2,2,2019,1,1,700541,1065,1,0,0,0,0,0,0,0,0,0,1
2,2,1953,1,1,401610,1478,1,0,0,0,0,0,0,0,0,1,0
3,3,1996,2,1,650799,1357,0,0,0,0,0,0,1,0,0,0,1
2,4,1964,1,1,199072,1038,0,0,0,0,0,1,0,0,0,1,0
1,2,1967,1,1,188948,1008,0,0,0,0,0,0,1,0,0,0,1
1,4,1973,1,1,267216,1042,0,0,0,0,0,1,0,0,0,1,0
3,4,1988,2,1,380297,1053,0,0,0,0,0,1,0,0,0,1,0
4,5,2013,3,1,719885,2179,0,0,0,0,1,0,0,0,0,0,1
3,3,2010,2,1,630897,1987,0,0,0,0,1,0,0,0,0,1,0
3,3,2024,1,1,383430,1340,0,0,0,0,1,0,0,0,0,1,0
3,4,2020,2,1,680893,1206,0,0,0,0,0,0,1,0,0,0,1
2,4,1976,1,2,357048,1182,0,0,0,0,0,1,0,0,0,0,1
1,3,1975,2,1,189063,924,0,0,0,0,0,1,0,0,0,1,0
3,4,2016,3,1,454641,1672,0,0,0,0,1,0,0,0,0,0,1
1,2,1941,1,1,193895,860,0,0,0,0,0,1,0,0,0,1,0
4,3,1986,2,1,558696,1823,0,0,0,0,1,0,0,0,0,0,1
3,3,2013,2,1,800222,2352,0,0,0,0,1,0,0,0,0,1,0
1,2,1968,2,1,159692,950,1,0,0,0,0,0,0,0,0,0,1
1,2,1925,1,1,179030,877,0,0,0,0,0,1,0,0,0,1,0
3,3,2024,2,1,619543,2020,0,0,0,0,1,0,0,0,0,1,0
2,5,1952,1,2,230832,1224,0,0,0,0,0,1,0,0,0,1,0
1,4,1924,2,1,75266,850,0,0,0,0,0,1,0,0,0,1,0
2,3,1915,1,1,330264,921,0,0,0,0,1,0,0,0,0,0,1
1,2,1949,2,1,166912,610,0,0,0,0,0,1,0,0,0,1,0
3,3,1983,2,1,647993,2363,0,0,0,0,1,0,0,0,0,0,1
3,3,1961,1,1,431602,1798,0,0,0,0,0,1,0,0,0,1,0
3,4,1991,2,1,690868,2173,0,0,0,0,1,0,0,0,0,0,1
2,3,2015,2,1,351522,1200,0,0,0,0,1,0,0,0,0,0,1
3,3,2016,0,1,300165,1396,0,0,0,0,1,0,0,0,0,0,1
4,3,2016,2,1,426560,1274,0,0,0,0,1,0,0,0,0,1,0
3,3,2023,2,1,628424,1573,0,0,0,0,1,0,0,0,0,0,1
4,4,2011,2,1,659302,1899,0,0,0,0,1,0,0,0,0,0,1
2,1,2025,2,1,679947,1110,0,0,0,0,0,0,1,0,0,0,1
4,3,2016,2,1,424377,1274,0,0,0,0,1,0,0,0,0,1,0
3,4,1918,2,2,397848,1665,0,0,0,0,0,1,0,0,0,1,0
2,2,1986,1,1,148913,964,1,0,0,0,0,0,0,0,0,1,0
2,5,1965,1,1,323383,864,0,0,0,0,0,1,0,0,0,0,1
1,3,1927,1,1,310904,906,0,0,0,0,0,1,0,0,0,0,1
2,4,1963,1,1,243614,1060,0,0,0,0,0,1,0,0,0,1,0
2,4,1971,1,1,264793,954,0,0,0,0,0,1,0,0,0,1,0
1,1,1964,2,1,98890,637,1,0,0,0,0,0,0,0,0,1,0
2,4,1966,1,1,326339,1005,0,0,0,0,0,1,0,0,0,0,1
2,2,1928,1,1,148057,752,0,0,0,0,0,1,0,0,0,1,0
2,3,1961,1,1,327686,1120,0,0,0,0,0,1,0,0,0,1,0
3,2,2005,1,1,331895,1181,0,0,0,0,1,0,0,0,0,1,0
3,3,2014,1,1,368217,1340,0,0,0,0,1,0,0,0,0,0,1
2,2,2006,2,1,238683,946,0,0,0,0,1,0,0,0,0,1,0
4,4,2010,3,1,1046381,2310,0,0,0,0,1,0,0,0,0,0,1
1,3,1930,1,1,129227,750,0,0,0,0,0,1,0,0,0,0,1
2,2,2000,2,1,200080,1600,0,0,1,0,0,0,0,0,0,0,1
1,2,1979,1,1,168077,990,1,0,0,0,0,0,0,0,0,1,0
1,2,1929,1,1,153081,1008,0,0,0,0,0,1,0,0,0,1,0
1,4,1963,1,1,315800,1494,0,0,0,0,0,1,0,0,0,1,0
1,3,1975,1,1,260294,853,0,0,0,0,0,1,0,0,0,1,0
2,2,2012,1,1,309344,1087,1,0,0,0,0,0,0,0,0,1,0
1,3,1963,1,1,275179,1340,0,0,0,0,0,1,0,0,0,0,1
3,3,2024,2,1,448832,1404,0,0,0,0,1,0,0,0,0,0,1
1,1,2014,1,1,197058,538,1,0,0,0,0,0,0,0,0,0,1
1,2,1924,2,1,188356,720,0,0,0,0,0,1,0,0,0,1,0
3,5,1929,1,2,475454,2164,0,0,0,0,1,0,0,0,0,0,1
2,3,1921,1,1,209942,800,0,0,0,0,0,1,0,0,0,0,1
2,3,1973,2,1,341886,1040,0,0,0,0,0,1,0,0,0,1,0
2,1,1916,1,1,523339,2290,0,0,0,0,0,0,0,0,1,0,1
1,3,1950,1,1,172940,920,0,0,0,0,0,1,0,0,0,0,1
2,5,1963,2,2,470362,1120,0,0,0,0,0,1,0,0,0,0,1
2,3,1999,1,1,141359,1280,0,0,1,0,0,0,0,0,0,1,0
4,4,2015,3,1,1976180,3953,0,0,0,0,1,0,0,0,0,1,0
3,5,1910,2,3,323489,2206,0,0,0,0,1,0,0,0,0,1,0
1,2,1981,1,1,210627,800,0,0,0,0,0,1,0,0,0,1,0
1,2,1912,2,1,199092,678,0,0,0,0,0,1,0,0,0,0,1
3,4,1980,3,2,750756,1877,0,0,0,0,0,1,0,0,0,0,1
2,4,1945,1,1,168609,1088,0,0,0,0,0,1,0,0,0,1,0
3,4,2015,2,1,479235,1231,0,0,0,0,0,1,0,0,0,0,1
4,4,2013,2,1,548630,1324,0,0,0,0,1,0,0,0,0,0,1
4,5,1988,3,1,2100608,3347,0,0,0,0,1,0,0,0,0,0,1
1,3,1977,1,1,158713,960,0,0,0,0,0,0,1,0,0,1,0
2,4,1972,2,1,264392,1408,0,0,0,0,0,1,0,0,0,1,0
4,4,2014,2,1,611656,1531,0,0,0,0,1,0,0,0,0,0,1
2,4,1980,1,1,373293,828,0,0,0,0,0,1,0,0,0,0,1
3,2,2016,2,1,401399,1074,0,0,0,0,1,0,0,0,0,0,1
1,2,2008,2,1,191119,897,0,0,0,0,0,0,1,0,0,1,0
3,5,1910,2,3,323453,2206,0,0,0,0,1,0,0,0,0,1,0
4,5,1956,3,1,1599927,2095,0,0,0,0,0,1,0,0,0,0,1
2,4,1971,2,2,283424,1196,0,0,0,0,0,1,0,0,0,1,0
2,4,1958,2,1,323416,975,0,0,0,0,0,1,0,0,0,1,0
4,5,2024,2,2,599575,1460,0,0,0,0,0,1,0,0,0,0,1
4,4,1979,2,1,631894,2405,0,0,0,0,1,0,0,0,0,0,1
3,4,1929,2,3,201716,1240,0,0,0,0,1,0,0,0,0,1,0
1,3,1955,2,1,209759,960,0,0,0,0,0,1,0,0,0,1,0
1,2,1981,1,1,211349,800,0,0,0,0,0,1,0,0,0,1,0
2,3,1927,2,1,299666,816,0,0,0,0,0,1,0,0,0,1,0
3,4,1974,2,2,401282,1916,0,0,0,0,1,0,0,0,0,1,0
3,4,2021,2,1,613457,1797,0,0,0,0,1,0,0,0,0,0,1
3,5,1963,2,1,495762,1755,0,0,0,0,0,1,0,0,0,1,0
2,2,1987,1,1,234441,1196,1,0,0,0,0,0,0,0,0,0,1
4,4,2005,2,1,640007,1825,0,0,0,0,1,0,0,0,0,0,1
3,3,1978,0,1,339443,1259,0,0,0,0,0,1,0,0,0,0,1
1,4,1924,2,1,76355,850,0,0,0,0,0,1,0,0,0,1,0
3,3,2015,2,1,426271,1770,0,0,0,0,0,0,1,0,0,0,1
3,4,1982,1,1,316461,1070,0,0,0,0,0,1,0,0,0,1,0
2,3,2003,1,1,181053,742,0,0,0,0,0,0,1,0,0,0,1
3,3,1975,2,1,165699,1177,0,0,0,0,0,1,0,0,0,1,0
2,2,2004,1,1,192135,1044,0,0,0,0,1,0,0,0,0,1,0
1,1,2013,1,1,151387,581,1,0,0,0,0,0,0,0,0,0,1
2,3,2014,1,1,333927,1265,0,0,0,0,1,0,0,0,0,0,1
1,2,1979,1,1,115404,842,1,0,0,0,0,0,0,0,0,0,1
1,2,2013,2,1,232529,954,0,0,0,0,0,0,1,0,0,0,1
3,5,1999,2,1,440877,1145,0,0,0,0,0,1,0,0,0,0,1
2,2,2004,1,1,268691,1169,0,0,0,0,0,0,1,0,0,0,1
4,4,2009,3,2,978004,1888,0,0,0,0,1,0,0,0,0,0,1
2,3,1965,2,1,326747,1340,0,0,0,0,0,1,0,0,0,1,0
1,3,1946,0,1,150478,704,0,0,0,0,0,1,0,0,0,0,1
2,4,1945,1,1,306386,792,0,0,0,0,0,1,0,0,0,1,0
2,5,1967,1,2,397407,1704,0,1,0,0,0,0,0,0,0,1,0
3,3,2024,2,1,697410,1848,0,0,0,0,1,0,0,0,0,0,1
3,3,1975,2,1,251571,1593,0,0,0,0,1,0,0,0,0,1,0
3,3,2024,2,1,443258,1485,0,0,0,0,1,0,0,0,0,1,0
1,3,1921,2,1,256684,1189,0,0,0,0,1,0,0,0,0,0,1
1,2,1956,1,1,120300,732,0,0,0,0,0,1,0,0,0,1,0
2,2,2016,1,1,269813,852,1,0,0,0,0,0,0,0,0,0,1
3,3,1976,1,1,361310,1200,0,0,0,0,0,1,0,0,0,1,0
1,2,1950,1,1,160775,680,0,0,0,0,0,1,0,0,0,0,1
2,2,1987,1,1,231461,1196,1,0,0,0,0,0,0,0,0,0,1
4,4,2017,2,2,1180093,2014,0,0,0,0,1,0,0,0,0,1,0
3,2,2013,2,1,270779,1023,0,0,0,0,1,0,0,0,0,1,0
1,3,1948,2,1,229749,937,0,0,0,0,0,1,0,0,0,1,0
1,1,1987,1,1,90733,570,1,0,0,0,0,0,0,0,0,1,0
2,5,1977,1,2,290488,1016,0,0,0,0,0,1,0,0,0,1,0
1,3,1973,1,1,196068,864,0,0,0,0,0,1,0,0,0,1,0
2,3,2011,1,1,268865,1159,0,0,0,0,0,0,1,0,0,0,1
2,2,1920,1,1,319704,1053,0,0,0,0,0,1,0,0,0,1,0
2,2,1972,1,1,239569,969,1,0,0,0,0,0,0,0,0,1,0
4,3,2020,1,1,428163,1151,0,0,0,0,1,0,0,0,0,0,1
4,4,1986,2,2,440322,1585,0,0,0,0,1,0,0,0,0,1,0
4,3,1978,2,1,654200,2600,0,0,0,0,1,0,0,0,0,0,1
3,3,2024,2,1,570108,1657,0,0,0,0,1,0,0,0,0,1,0
3,3,2019,2,1,521402,1628,0,0,0,0,1,0,0,0,0,0,1
4,3,2020,1,1,431851,1151,0,0,0,0,1,0,0,0,0,0,1
4,2,1910,2,1,259328,2004,0,0,0,0,1,0,0,0,0,1,0
1,1,1968,1,1,118570,608,0,0,0,0,0,0,1,0,0,0,1
2,3,1959,2,1,423473,1176,0,0,0,0,0,1,0,0,0,0,1
1,2,1979,1,1,91833,825,1,0,0,0,0,0,0,0,0,1,0
2,3,1973,2,1,368571,1248,0,0,0,0,0,1,0,0,0,1,0
2,2,1986,1,1,149628,964,1,0,0,0,0,0,0,0,0,1,0
2,3,2012,1,1,278765,966,0,0,0,0,1,0,0,0,0,1,0
3,3,2024,2,1,383593,1456,0,0,0,0,1,0,0,0,0,0,1
2,4,1971,2,1,305383,850,0,0,0,0,0,1,0,0,0,1,0
2,2,2010,1,1,238878,1140,1,0,0,0,0,0,0,0,0,1,0
1,2,1929,1,1,140028,1341,0,0,0,0,0,1,0,0,0,1,0
2,3,1958,1,2,278896,1025,0,0,0,0,0,1,0,0,0,1,0
3,3,2017,2,1,488674,1456,0,0,0,0,1,0,0,0,0,0,1
3,5,1910,2,3,324717,2206,0,0,0,0,1,0,0,0,0,1,0
2,2,1999,2,1,278464,1065,1,0,0,0,0,0,0,0,0,1,0
4,5,2014,2,1,726438,1896,0,0,0,0,1,0,0,0,0,0,1
1,3,1913,1,1,180897,1006,0,0,0,0,0,1,0,0,0,1,0
4,4,2017,2,1,531630,1471,0,0,0,0,1,0,0,0,0,1,0
4,5,2004,1,2,376221,2164,0,0,0,0,1,0,0,0,0,1,0
2,3,2023,2,1,491400,1381,0,0,0,0,0,1,0,0,0,1,0
2,3,1915,1,1,330567,921,0,0,0,0,1,0,0,0,0,0,1
2,3,1928,1,1,158710,1450,0,0,0,0,1,0,0,0,0,1,0
2,2,2020,1,1,474618,1205,1,0,0,0,0,0,0,0,0,1,0
3,5,2021,3,1,1798361,2174,1,0,0,0,0,0,0,0,0,0,1
1,3,1957,2,1,288263,1040,0,0,0,0,0,1,0,0,0,1,0
3,4,1980,3,2,748309,1877,0,0,0,0,0,1,0,0,0,0,1
2,3,1934,1,1,651479,1707,0,0,0,0,1,0,0,0,0,0,1
4,4,1969,2,1,801712,2596,0,0,0,0,1,0,0,0,0,1,0
4,5,1968,2,1,431229,2079,0,0,0,0,0,1,0,0,0,1,0
3,3,2024,2,1,444386,1485,0,0,0,0,1,0,0,0,0,1,0
2,3,1986,2,1,143002,1399,1,0,0,0,0,0,0,0,0,1,0
2,3,1959,2,2,273440,1262,0,0,1,0,0,0,0,0,0,0,1
4,3,2016,2,1,425828,1274,0,0,0,0,1,0,0,0,0,1,0
2,5,1959,1,2,286979,1056,0,0,0,0,0,1,0,0,0,0,1
3,4,2011,2,2,305557,975,0,0,0,0,0,1,0,0,0,1,0
3,3,2017,1,1,370638,1220,0,0,0,0,1,0,0,0,0,1,0
4,4,2014,3,1,1224210,2495,0,0,0,0,1,0,0,0,0,0,1
2,3,1988,1,1,344465,808,0,0,0,0,0,1,0,0,0,0,1
4,5,2001,2,1,999707,3552,0,0,0,0,1,0,0,0,0,0,1
2,3,2013,1,1,478030,1214,0,0,0,0,0,1,0,0,0,0,1
3,3,2024,1,1,385116,1340,0,0,0,0,1,0,0,0,0,1,0
4,4,2022,2,1,750400,2074,0,0,0,0,1,0,0,0,0,0,1
4,4,1983,2,1,464185,1616,0,0,0,0,1,0,0,0,0,1,0
4,4,2022,2,1,447206,1450,0,0,0,0,1,0,0,0,0,0,1
4,5,1968,2,2,541292,2182,0,1,0,0,0,0,0,0,0,1,0
2,2,2014,1,1,216702,818,1,0,0,0,0,0,0,0,0,1,0
1,2,1908,1,1,253118,1214,1,0,0,0,0,0,0,0,0,1,0
4,5,1964,1,3,598140,1416,0,0,0,0,0,1,0,0,0,0,1
1,2,1927,1,1,168439,660,0,0,0,0,0,1,0,0,0,1,0
1,4,1928,1,1,174657,1115,0,0,0,0,0,1,0,0,0,0,1
3,3,2006,2,1,568938,1795,0,0,0,0,1,0,0,0,0,0,1
4,5,1968,2,1,428227,2079,0,0,0,0,0,1,0,0,0,1,0
1,1,1976,1,1,94218,771,1,0,0,0,0,0,0,0,0,1,0
3,3,2002,2,1,423565,1258,0,0,0,0,0,1,0,0,0,1,0
1,0,1915,0,1,105479,670,0,0,0,0,0,1,0,0,0,0,1
2,4,1945,1,1,171343,1088,0,0,0,0,0,1,0,0,0,1,0
4,4,2024,2,2,525946,1482,0,0,0,0,1,0,0,0,0,1,0
3,3,2024,3,1,833623,2227,0,0,0,0,1,0,0,0,0,0,1
1,1,1911,2,1,98079,567,1,0,0,0,0,0,0,0,0,1,0
2,3,2005,1,1,276600,1171,0,0,0,0,1,0,0,0,0,1,0
2,4,1971,2,1,304715,850,0,0,0,0,0,1,0,0,0,1,0
2,3,1959,2,2,273533,1262,0,0,1,0,0,0,0,0,0,0,1
2,2,1997,1,1,329274,1040,0,0,0,0,1,0,0,0,0,1,0
3,4,1960,1,1,698771,2052,0,0,0,0,0,1,0,0,0,1,0
2,4,1971,2,1,304790,850,0,0,0,0,0,1,0,0,0,1,0
3,3,1975,2,1,487032,1381,0,0,0,0,0,1,0,0,0,1,0
2,2,1997,1,1,328476,1040,0,0,0,0,1,0,0,0,0,1,0
4,5,1964,1,3,598148,1416,0,0,0,0,0,1,0,0,0,0,1
2,3,1986,1,1,359837,887,0,0,0,0,0,1,0,0,0,1,0
4,4,1983,2,1,465682,1616,0,0,0,0,1,0,0,0,0,1,0
2,5,1951,2,2,341891,1236,0,0,0,0,0,1,0,0,0,1,0
2,3,1959,2,2,271679,1038,0,0,0,0,0,1,0,0,0,1,0
2,2,2013,1,1,508533,1453,1,0,0,0,0,0,0,0,0,1,0
2,1,1916,1,1,523552,2290,0,0,0,0,0,0,0,0,1,0,1
3,5,1944,1,1,470004,1839,0,0,0,0,1,0,0,0,0,0,1
1,1,1953,1,1,108291,546,0,0,0,0,0,1,0,0,0,1,0
3,3,1932,2,1,828536,2093,0,0,0,0,1,0,0,0,0,0,1
2,4,2010,1,2,329788,1020,0,0,0,0,0,1,0,0,0,1,0
3,5,1984,2,1,508339,1420,0,0,0,0,0,1,0,0,0,0,1
3,3,2007,2,1,391507,1215,0,0,0,0,1,0,0,0,0,0,1
3,5,1985,2,2,618392,1893,0,0,0,0,1,0,0,0,0,0,1
1,3,1950,1,1,239588,966,0,0,0,0,0,1,0,0,0,1,0
1,3,1927,1,1,177651,1161,0,0,0,0,0,1,0,0,0,1,0
1,3,1927,1,1,179723,1161,0,0,0,0,0,1,0,0,0,1,0
1,3,1928,1,1,181867,755,0,0,0,0,0,1,0,0,0,1,0
3,5,1950,2,3,699115,2936,0,0,0,0,1,0,0,0,0,1,0
1,2,1953,1,1,128407,660,0,0,0,0,0,1,0,0,0,1,0
1,2,2012,1,1,248821,1001,0,0,0,0,0,0,1,0,0,0,1
4,5,1968,2,1,568936,2252,0,0,0,0,1,0,0,0,0,0,1
3,4,1975,2,1,597258,1367,0,0,0,0,0,1,0,0,0,0,1
3,4,1960,1,1,698653,2052,0,0,0,0,0,1,0,0,0,1,0
2,5,2014,1,2,431553,1033,0,0,0,0,0,1,0,0,0,1,0
1,1,2010,1,1,274618,1143,1,0,0,0,0,0,0,0,0,0,1
3,4,2014,2,1,428736,1280,0,0,0,0,1,0,0,0,0,1,0
4,3,2013,3,1,648010,1953,0,0,0,0,1,0,0,0,0,1,0
1,4,1912,1,1,335509,1240,0,0,0,0,1,0,0,0,0,1,0
1,2,1999,1,1,198003,1102,1,0,0,0,0,0,0,0,0,1,0
1,1,2020,0,1,470015,730,1,0,0,0,0,0,0,0,0,0,1
4,4,1983,2,1,465047,1616,0,0,0,0,1,0,0,0,0,1,0
3,3,2022,2,1,998046,3096,0,0,0,0,1,0,0,0,0,1,0
3,4,1988,2,1,509006,1167,0,0,0,0,0,1,0,0,0,0,1
2,3,2006,1,1,277628,1191,0,0,0,0,1,0,0,0,0,1,0
4,4,1983,2,1,691395,2000,0,0,0,0,1,0,0,0,0,0,1
2,4,2023,2,2,351110,827,0,0,0,0,0,1,0,0,0,1,0
2,2,2021,1,1,655364,1055,1,0,0,0,0,0,0,0,0,0,1
3,3,2024,1,1,383863,1340,0,0,0,0,1,0,0,0,0,1,0
3,3,2024,1,1,385857,1340,0,0,0,0,1,0,0,0,0,1,0
1,2,1914,1,1,218964,920,0,0,0,0,0,1,0,0,0,0,1
3,4,1986,2,1,376358,1013,0,0,0,0,0,1,0,0,0,1,0
2,5,1974,1,1,309454,1076,0,0,0,0,0,1,0,0,0,1,0
3,3,2024,2,1,699316,1619,0,0,0,0,1,0,0,0,0,0,1
1,1,1922,1,1,101379,622,0,0,0,0,0,1,0,0,0,0,1
2,2,1949,2,1,270227,880,0,0,0,0,0,1,0,0,0,0,1
3,4,2020,2,1,679787,1206,0,0,0,0,0,0,1,0,0,0,1
2,4,2010,1,2,331793,1020,0,0,0,0,0,1,0,0,0,1,0
2,4,1913,1,1,281030,1398,0,0,0,0,1,0,0,0,0,1,0
3,3,2024,2,1,799262,1752,0,0,0,0,1,0,0,0,0,0,1
2,2,2014,1,1,261047,1023,0,0,0,0,1,0,0,0,0,1,0
2,5,1977,2,2,401456,1026,0,0,0,0,0,1,0,0,0,0,1
2,3,1920,2,1,365563,1386,0,0,0,0,1,0,0,0,0,1,0
2,2,2000,1,1,298266,1270,1,0,0,0,0,0,0,0,0,1,0
2,2,2021,1,1,653868,1055,1,0,0,0,0,0,0,0,0,0,1
1,3,1952,1,1,119059,720,0,0,0,0,0,1,0,0,0,1,0
3,5,1963,2,1,498576,1755,0,0,0,0,0,1,0,0,0,1,0
3,3,2024,2,1,494535,1669,0,0,0,0,1,0,0,0,0,0,1
3,3,2013,2,1,580737,2108,0,0,0,0,1,0,0,0,0,1,0
4,5,2023,2,1,851203,2418,0,0,0,0,1,0,0,0,0,0,1
3,5,1993,2,1,389510,1217,0,0,0,0,0,1,0,0,0,0,1
2,2,2007,1,1,269475,843,1,0,0,0,0,0,0,0,0,0,1
1,1,1968,1,1,250866,797,1,0,0,0,0,0,0,0,0,0,1
2,2,1928,1,1,150564,752,0,0,0,0,0,1,0,0,0,1,0
1,2,2000,1,1,230110,935,0,0,0,0,0,0,1,0,0,1,0
3,3,2007,2,1,389084,1215,0,0,0,0,1,0,0,0,0,0,1
2,3,1960,2,1,263210,1040,0,0,0,0,0,1,0,0,0,1,0
2,4,1952,2,1,391878,960,0,0,0,0,0,1,0,0,0,1,0
1,1,1969,1,1,149369,640,1,0,0,0,0,0,0,0,0,0,1
3,3,2011,2,1,469273,1660,0,0,0,0,1,0,0,0,0,1,0
2,2,2012,1,1,271584,943,0,0,0,0,1,0,0,0,0,1,0
1,1,2013,1,1,165323,581,1,0,0,0,0,0,0,0,0,0,1
3,3,1976,1,1,250006,1646,0,0,0,0,0,0,1,0,0,1,0
3,2,1996,1,1,469491,1582,0,0,0,0,1,0,0,0,0,0,1
2,4,1952,1,1,349240,1648,0,0,0,0,0,1,0,0,0,1,0
2,4,1956,2,2,273597,1176,0,0,0,0,0,1,0,0,0,1,0
1,3,1964,1,1,118854,792,0,0,0,0,0,0,1,0,0,1,0
2,5,1958,1,2,366869,1080,0,0,0,0,0,1,0,0,0,0,1
4,4,2014,2,1,479500,1402,0,0,0,0,1,0,0,0,0,1,0
4,4,2014,2,1,788825,2401,0,0,0,0,1,0,0,0,0,0,1
4,5,2014,2,1,725558,1896,0,0,0,0,1,0,0,0,0,0,1
2,2,1920,1,1,319978,1053,0,0,0,0,0,1,0,0,0,1,0
1,3,1912,0,1,235153,1055,0,0,0,0,0,1,0,0,0,0,1
4,5,2004,1,2,375315,2164,0,0,0,0,1,0,0,0,0,1,0
2,4,1970,1,1,373696,1058,0,0,0,0,0,1,0,0,0,0,1
1,2,2011,1,1,209138,904,0,0,0,0,0,0,1,0,0,1,0
3,3,2015,2,1,416479,1471,0,0,0,0,1,0,0,0,0,1,0
2,3,1983,2,1,348708,952,0,0,0,0,0,1,0,0,0,1,0
2,2,1993,1,1,316256,1076,1,0,0,0,0,0,0,0,0,0,1
4,4,2005,2,1,640708,1825,0,0,0,0,1,0,0,0,0,0,1
3,5,1972,2,1,657960,2068,0,0,0,0,0,1,0,0,0,0,1
3,5,1966,0,2,549713,2016,0,1,0,0,0,0,0,0,0,0,1
1,4,1962,1,1,232959,1050,0,0,0,0,0,1,0,0,0,1,0
2,5,1953,2,2,368957,967,0,0,0,0,0,1,0,0,0,1,0
2,2,1997,1,1,331021,1040,0,0,0,0,1,0,0,0,0,1,0
3,3,2024,2,1,458253,1515,0,0,0,0,1,0,0,0,0,1,0
4,5,2002,3,1,1270296,3300,0,0,0,0,1,0,0,0,0,1,0
2,3,2023,2,1,491151,1381,0,0,0,0,0,1,0,0,0,1,0
4,5,1968,2,2,539162,2182,0,1,0,0,0,0,0,0,0,1,0
2,3,1984,1,1,600414,2130,1,0,0,0,0,0,0,0,0,0,1
4,5,2013,2,1,1057048,2430,0,0,0,0,1,0,0,0,0,1,0
3,3,2020,2,1,424978,1255,0,0,0,0,1,0,0,0,0,1,0
2,3,1958,1,2,278829,1025,0,0,0,0,0,1,0,0,0,1,0
2,4,1981,1,2,388250,880,0,0,0,0,0,1,0,0,0,0,1
2,5,1974,1,2,351403,807,0,0,0,0,0,1,0,0,0,0,1
4,5,1923,2,2,977821,2326,0,0,0,0,0,1,0,0,0,0,1
2,2,1985,1,1,485496,1616,0,0,0,0,0,0,1,0,0,0,1
2,4,1973,2,1,268674,1296,0,0,0,0,0,1,0,0,0,1,0
3,4,1980,3,2,748312,1877,0,0,0,0,0,1,0,0,0,0,1
2,2,2019,1,1,749317,1132,1,0,0,0,0,0,0,0,0,0,1
1,1,1950,0,1,240603,540,0,0,0,0,0,1,0,0,0,0,1
1,1,1976,1,1,95866,796,1,0,0,0,0,0,0,0,0,1,0
3,3,2019,3,1,995848,2508,0,0,0,0,1,0,0,0,0,0,1
3,4,1987,2,1,511873,1632,0,0,0,0,0,1,0,0,0,1,0
2,3,2023,2,1,488821,1381,0,0,0,0,0,1,0,0,0,1,0
1,1,2012,1,1,228221,753,1,0,0,0,0,0,0,0,0,1,0
4,5,2010,2,1,533411,1573,0,0,0,0,1,0,0,0,0,0,1
2,2,2014,1,1,216887,818,1,0,0,0,0,0,0,0,0,1,0
1,2,1921,2,1,124361,780,0,0,0,0,0,1,0,0,0,1,0
3,3,2014,1,1,370619,1340,0,0,0,0,1,0,0,0,0,0,1
2,3,1975,2,1,219923,1016,0,0,0,0,1,0,0,0,0,1,0
3,3,2021,2,1,561381,1625,0,0,0,0,1,0,0,0,0,0,1
3,3,2013,2,1,581545,2108,0,0,0,0,1,0,0,0,0,1,0
2,3,1973,2,1,150950,1034,0,0,0,0,1,0,0,0,0,1,0
2,2,1996,1,1,391824,1132,1,0,0,0,0,0,0,0,0,0,1
1,4,1969,1,1,278549,913,0,0,0,0,0,1,0,0,0,0,1
1,2,1967,2,1,179888,881,1,0,0,0,0,0,0,0,0,1,0
1,3,1977,1,1,160620,960,0,0,0,0,0,0,1,0,0,1,0
3,4,2014,2,1,429295,1280,0,0,0,0,1,0,0,0,0,1,0
3,3,2024,2,1,486174,1523,0,0,0,0,1,0,0,0,0,0,1
4,4,1986,2,2,441872,1585,0,0,0,0,1,0,0,0,0,1,0
2,4,1945,1,1,305817,792,0,0,0,0,0,1,0,0,0,1,0
4,4,2014,3,1,716254,2161,0,0,0,0,1,0,0,0,0,1,0
2,3,2009,1,1,330261,1233,0,0,0,0,0,0,1,0,0,0,1
1,3,1927,1,1,425229,966,0,0,0,0,1,0,0,0,0,0,1
2,2,1990,1,2,184666,1453,1,0,0,0,0,0,0,0,0,1,0
4,4,2014,2,1,479534,1402,0,0,0,0,1,0,0,0,0,1,0
3,4,2020,2,1,679392,1206,0,0,0,0,0,0,1,0,0,0,1
3,3,1969,1,1,329654,1040,0,0,0,0,0,1,0,0,0,0,1
3,4,1976,2,1,225097,1088,0,0,0,0,0,1,0,0,0,0,1
2,3,1951,1,1,260781,852,0,0,0,0,0,1,0,0,0,1,0
1,2,2017,2,1,241794,911,1,0,0,0,0,0,0,0,0,0,1
2,4,1991,2,1,425247,1125,0,0,0,0,0,1,0,0,0,0,1
2,2,1984,1,1,178741,974,0,0,0,0,0,0,1,0,0,1,0
2,4,1963,1,2,318238,1071,0,0,0,0,0,1,0,0,0,1,0
1,2,1982,1,1,173384,850,1,0,0,0,0,0,0,0,0,0,1
3,4,1998,2,1,580117,1722,0,0,0,0,0,1,0,0,0,0,1
4,4,2013,1,1,436776,1803,0,0,0,0,1,0,0,0,0,0,1
2,4,1945,1,1,303901,792,0,0,0,0,0,1,0,0,0,1,0
3,3,2024,2,1,650421,1568,0,0,0,0,1,0,0,0,0,0,1
2,3,1928,1,1,276465,1287,0,0,0,0,0,1,0,0,0,1,0
2,4,1971,2,1,306007,850,0,0,0,0,0,1,0,0,0,1,0
1,2,1908,1,1,256404,1214,1,0,0,0,0,0,0,0,0,1,0
3,3,2021,2,1,1601969,2444,1,0,0,0,0,0,0,0,0,0,1
1,3,1971,1,1,116136,899,0,0,1,0,0,0,0,0,0,0,1
2,4,1976,1,1,329682,924,0,0,0,0,0,1,0,0,0,1,0
2,4,1988,2,1,449341,1000,0,0,0,0,0,1,0,0,0,0,1
2,3,1983,1,1,211803,1313,0,0,0,0,0,0,1,0,0,0,1
4,4,2024,2,2,523840,1482,0,0,0,0,1,0,0,0,0,1,0
1,3,1955,2,1,288172,1092,0,0,0,0,0,1,0,0,0,1,0
4,4,1992,2,1,586398,1924,0,0,0,0,1,0,0,0,0,1,0
1,4,1963,1,1,313104,1494,0,0,0,0,0,1,0,0,0,1,0
2,4,1957,2,1,274029,1066,0,0,0,0,0,1,0,0,0,1,0
2,2,2012,1,1,339438,1055,1,0,0,0,0,0,0,0,0,1,0
3,2,2014,1,1,359234,1485,0,0,0,0,0,0,1,0,0,0,1
2,5,1952,1,2,230774,1224,0,0,0,0,0,1,0,0,0,1,0
3,5,1944,1,1,468696,1839,0,0,0,0,1,0,0,0,0,0,1
2,3,2023,2,1,490258,1381,0,0,0,0,0,1,0,0,0,1,0
2,4,1921,2,1,475434,1538,0,0,0,0,1,0,0,0,0,0,1
3,3,2024,3,1,659968,1874,0,0,0,0,1,0,0,0,0,0,1
3,3,1983,2,1,651274,2363,0,0,0,0,1,0,0,0,0,0,1
2,3,1993,2,1,256432,1116,0,0,0,0,1,0,0,0,0,1,0
4,5,2013,2,3,538825,1225,0,0,0,0,0,1,0,0,0,0,1
2,5,1956,1,2,327663,1008,0,0,0,0,0,1,0,0,0,1,0
3,3,2024,1,1,621168,1695,0,0,0,0,1,0,0,0,0,0,1
3,3,2024,2,1,701396,1619,0,0,0,0,1,0,0,0,0,0,1
1,1,1984,1,1,499023,980,1,0,0,0,0,0,0,0,0,0,1
1,3,1982,1,1,114683,1260,0,0,1,0,0,0,0,0,0,0,1
4,5,1921,1,2,291937,1907,0,0,0,0,1,0,0,0,0,0,1
2,2,1925,1,1,298170,935,0,0,0,0,0,1,0,0,0,1,0
2,5,1967,2,2,331275,1284,0,0,0,0,0,1,0,0,0,0,1
2,1,2018,1,1,277968,827,0,0,0,0,1,0,0,0,0,0,1
4,5,2017,3,1,831472,2310,0,0,0,0,1,0,0,0,0,0,1
1,2,1979,1,1,170424,990,1,0,0,0,0,0,0,0,0,1,0
4,5,2010,2,1,534836,1573,0,0,0,0,1,0,0,0,0,0,1
2,2,1920,1,1,318675,1053,0,0,0,0,0,1,0,0,0,1,0
3,4,1995,2,1,700211,1852,0,0,0,0,0,1,0,0,0,0,1
1,2,1908,1,1,254701,1214,1,0,0,0,0,0,0,0,0,1,0
3,4,2014,2,1,431012,1280,0,0,0,0,1,0,0,0,0,1,0
4,3,2014,2,1,538484,1515,0,0,0,0,1,0,0,0,0,1,0
4,5,2018,2,1,1249309,2173,0,0,0,0,0,1,0,0,0,1,0
2,3,1973,1,1,154200,1034,0,0,0,0,0,0,1,0,0,1,0
4,5,1963,1,2,539819,1963,0,0,0,0,0,0,0,0,0,0,1
3,4,2020,2,1,678146,1206,0,0,0,0,0,0,1,0,0,0,1
1,2,1928,2,1,220791,888,0,0,0,0,0,1,0,0,0,1,0
4,5,2009,2,1,839588,1968,0,0,0,0,1,0,0,0,0,1,0
3,2,2016,2,1,400191,1074,0,0,0,0,1,0,0,0,0,0,1
3,5,1966,0,2,547196,2016,0,1,0,0,0,0,0,0,0,0,1
1,2,1929,2,1,115662,720,0,0,0,0,0,1,0,0,0,1,0
1,3,1967,1,1,276209,925,0,0,0,0,0,1,0,0,0,0,1
3,3,2024,2,1,545546,1624,0,0,0,0,1,0,0,0,0,1,0
2,3,2024,2,1,551399,1415,0,0,0,0,0,1,0,0,0,1,0
1,2,2001,2,1,211814,745,0,0,0,0,0,0,1,0,0,1,0
1,2,1946,0,1,180584,640,0,0,0,0,0,1,0,0,0,0,1
4,4,2013,3,1,848291,2247,0,0,0,0,1,0,0,0,0,1,0
3,4,1978,1,1,313666,1057,0,0,0,0,0,1,0,0,0,1,0
4,5,1983,2,2,624318,2620,0,0,0,0,0,1,0,0,0,0,1
3,3,1912,1,1,511448,2242,0,0,0,0,1,0,0,0,0,0,1
1,2,1967,1,1,190831,1008,0,0,0,0,0,0,1,0,0,0,1
4,5,2019,3,2,1127674,2730,0,0,0,0,1,0,0,0,0,0,1
2,5,1971,2,2,438083,2148,0,1,0,0,0,0,0,0,0,0,1
4,4,2018,2,1,1388048,2276,0,0,0,0,1,0,0,0,0,0,1
1,2,1979,1,1,170792,990,1,0,0,0,0,0,0,0,0,1,0
3,3,1998,1,1,313765,1113,0,0,0,0,1,0,0,0,0,0,1
2,3,1914,1,1,284308,1475,1,0,0,0,0,0,0,0,0,1,0
1,3,1975,2,1,190367,924,0,0,0,0,0,1,0,0,0,1,0
4,5,2017,3,1,830063,2310,0,0,0,0,1,0,0,0,0,0,1
1,2,1941,1,1,196486,860,0,0,0,0,0,1,0,0,0,1,0
2,5,1952,1,2,228490,1224,0,0,0,0,0,1,0,0,0,1,0
1,2,1983,1,1,160825,825,0,0,0,0,0,0,1,0,0,1,0
1,3,1946,0,1,151005,704,0,0,0,0,0,1,0,0,0,0,1
3,4,2003,2,1,688204,1651,0,0,0,0,0,1,0,0,0,0,1
2,4,1956,1,2,368594,816,0,0,0,0,0,1,0,0,0,0,1
2,3,1955,1,1,315780,1069,0,0,0,0,0,1,0,0,0,1,0
1,3,1924,1,1,243640,1150,0,0,0,0,0,1,0,0,0,1,0
4,4,2007,2,1,549765,1614,0,0,0,0,1,0,0,0,0,0,1
3,4,1963,2,1,381299,1835,0,0,0,0,0,1,0,0,0,1,0
4,3,1978,2,1,655717,2600,0,0,0,0,1,0,0,0,0,0,1
2,4,2023,2,2,349789,827,0,0,0,0,0,1,0,0,0,1,0
4,5,1931,1,2,457983,1447,0,0,0,0,0,1,0,0,0,0,1
3,3,1986,2,1,408774,1506,0,0,0,0,0,1,0,0,0,1,0
1,3,1928,1,1,179821,755,0,0,0,0,0,1,0,0,0,1,0
1,2,1948,1,1,201596,680,0,0,0,0,0,1,0,0,0,0,1
3,4,2005,2,1,476675,1220,0,0,0,0,0,1,0,0,0,1,0
3,3,1995,2,1,1448436,3244,0,0,0,0,0,1,0,0,0,1,0
4,5,2020,2,2,718214,1463,0,0,0,0,0,1,0,0,0,0,1
2,2,2004,1,1,191856,1044,0,0,0,0,1,0,0,0,0,1,0
3,4,1983,2,1,400795,1731,0,0,0,0,1,0,0,0,0,1,0
2,2,2006,1,1,388429,1036,1,0,0,0,0,0,0,0,0,0,1
3,5,1972,1,1,341816,1120,0,0,0,0,0,1,0,0,0,0,1
2,4,1921,2,1,475703,1538,0,0,0,0,1,0,0,0,0,0,1
3,3,2024,2,1,486134,1420,0,0,0,0,1,0,0,0,0,0,1
3,4,1969,2,2,629568,2255,0,0,0,0,1,0,0,0,0,1,0
2,2,2006,1,1,390901,1036,1,0,0,0,0,0,0,0,0,0,1
1,3,1913,1,1,60586,720,0,0,0,0,0,1,0,0,0,1,0
1,1,1914,2,1,301200,832,0,0,0,0,0,1,0,0,0,0,1
2,2,2001,2,1,371091,1216,1,0,0,0,0,0,0,0,0,0,1
2,5,1974,2,2,369547,1688,0,0,0,0,0,1,0,0,0,1,0
1,3,1950,1,1,241870,966,0,0,0,0,0,1,0,0,0,1,0
3,5,2024,2,1,667917,2213,0,0,0,0,1,0,0,0,0,1,0
1,2,2023,1,1,429834,1195,0,0,0,0,0,0,1,0,0,1,0
2,4,1961,2,2,314299,1052,0,0,0,0,0,1,0,0,0,1,0
3,5,1985,2,2,618811,1893,0,0,0,0,1,0,0,0,0,0,1
1,1,1971,1,1,150486,650,1,0,0,0,0,0,0,0,0,1,0
4,4,1971,2,1,899141,4370,0,0,0,0,1,0,0,0,0,1,0
1,3,1975,2,1,190696,924,0,0,0,0,0,1,0,0,0,1,0
4,4,1999,2,1,576193,1629,0,0,0,0,1,0,0,0,0,1,0
2,1,2021,1,1,394676,790,0,0,0,0,1,0,0,0,0,0,1
2,3,1993,2,1,254646,1116,0,0,0,0,1,0,0,0,0,1,0
1,2,1984,1,1,166818,883,1,0,0,0,0,0,0,0,0,0,1
4,5,2022,2,2,759683,2239,0,0,0,0,1,0,0,0,0,0,1
1,2,1978,0,1,113441,796,1,0,0,0,0,0,0,0,0,0,1
2,4,1962,2,1,371462,1210,0,0,0,0,0,1,0,0,0,1,0
1,2,1941,1,1,193559,860,0,0,0,0,0,1,0,0,0,1,0
4,5,2015,2,2,688861,1490,0,0,0,0,1,0,0,0,0,0,1
1,3,1920,2,1,253756,1160,0,0,0,0,0,1,0,0,0,0,1
4,3,1987,2,1,528688,1631,0,0,0,0,1,0,0,0,0,0,1
2,2,2012,1,1,308096,1087,1,0,0,0,0,0,0,0,0,1,0
4,5,2011,3,1,2251950,3351,0,0,0,0,0,1,0,0,0,0,1
3,3,2011,1,1,358069,1250,0,0,0,0,1,0,0,0,0,0,1
2,2,1912,2,1,239757,1210,0,0,0,0,0,1,0,0,0,1,0
3,2,2016,2,1,401001,1074,0,0,0,0,1,0,0,0,0,0,1
3,3,1986,2,1,464084,1372,0,0,0,0,0,1,0,0,0,1,0
2,2,2000,2,1,201435,1600,0,0,1,0,0,0,0,0,0,0,1
1,1,2012,1,1,229246,753,1,0,0,0,0,0,0,0,0,1,0
4,5,1988,3,1,2100493,3347,0,0,0,0,1,0,0,0,0,0,1
4,4,2014,2,1,479254,1402,0,0,0,0,1,0,0,0,0,1,0
2,3,1983,2,1,349254,952,0,0,0,0,0,1,0,0,0,1,0
3,3,2023,1,1,827882,1605,0,0,0,0,0,0,1,0,0,0,1
2,3,2013,1,1,209394,1141,0,0,0,0,1,0,0,0,0,1,0
3,3,2013,2,1,829325,2295,0,0,0,0,1,0,0,0,0,0,1
3,4,1987,2,1,510061,1632,0,0,0,0,0,1,0,0,0,1,0
1,1,2012,1,1,260324,829,0,0,0,0,0,0,1,0,0,1,0
4,4,1983,2,1,688287,2000,0,0,0,0,1,0,0,0,0,0,1
1,2,1921,1,1,118135,620,0,0,0,0,0,1,0,0,0,0,1
1,2,2013,2,1,234683,954,0,0,0,0,0,0,1,0,0,0,1
2,2,2016,1,1,224699,938,1,0,0,0,0,0,0,0,0,0,1
3,3,2024,2,1,444083,1485,0,0,0,0,1,0,0,0,0,1,0
4,5,2015,2,3,424181,2584,0,0,0,0,1,0,0,0,0,1,0
3,5,1971,3,1,486056,1776,0,0,0,0,0,1,0,0,0,1,0
4,4,2014,2,2,379983,1450,0,0,0,0,1,0,0,0,0,0,1
2,3,1978,0,1,369315,1320,0,0,0,0,0,1,0,0,0,0,1
2,5,2014,1,2,428509,1033,0,0,0,0,0,1,0,0,0,1,0
2,3,1986,2,1,141332,1399,1,0,0,0,0,0,0,0,0,1,0
2,1,2018,1,1,279787,827,0,0,0,0,1,0,0,0,0,0,1
4,3,2016,2,1,425696,1274,0,0,0,0,1,0,0,0,0,1,0
2,2,1929,2,1,99957,1035,0,0,0,0,0,1,0,0,0,1,0
2,4,1965,2,1,290844,1040,0,0,0,0,0,1,0,0,0,1,0
1,2,1924,1,1,193329,836,0,0,0,0,0,1,0,0,0,1,0
1,3,1922,2,1,198253,1034,0,0,0,0,0,1,0,0,0,1,0
2,5,1959,2,1,448115,1192,0,0,0,0,0,1,0,0,0,1,0
2,3,1959,1,1,223252,768,0,0,0,0,0,1,0,0,0,1,0
3,4,2024,2,1,564168,1830,0,0,0,0,1,0,0,0,0,1,0
2,2,1985,1,1,461708,1952,1,0,0,0,0,0,0,0,0,0,1
4,4,2006,2,1,498981,1722,0,0,0,0,1,0,0,0,0,1,0
3,3,2024,1,1,505933,1526,0,0,0,0,1,0,0,0,0,0,1
3,3,2024,2,1,456440,1515,0,0,0,0,1,0,0,0,0,1,0
2,2,1912,2,1,199354,1312,0,0,0,0,1,0,0,0,0,1,0
1,3,1913,1,1,178059,1006,0,0,0,0,0,1,0,0,0,1,0
4,4,1995,2,1,881637,2613,0,0,0,0,1,0,0,0,0,0,1
2,4,1960,2,1,319385,947,0,0,0,0,0,1,0,0,0,0,1
1,3,1952,1,1,310887,1260,0,0,0,0,0,1,0,0,0,0,1
2,4,1974,1,1,245981,1036,0,0,0,0,0,1,0,0,0,1,0
3,4,1984,2,1,651746,1703,0,0,0,0,0,1,0,0,0,0,1
3,3,2024,2,1,485488,1523,0,0,0,0,1,0,0,0,0,0,1
4,5,1915,1,2,688133,2182,0,0,0,0,1,0,0,0,0,0,1
1,1,1979,0,1,76654,653,1,0,0,0,0,0,0,0,0,0,1
1,1,1971,1,1,149515,650,1,0,0,0,0,0,0,0,0,1,0
4,4,2016,1,2,568682,1530,0,0,0,0,1,0,0,0,0,0,1
2,3,2017,1,1,448199,963,0,0,0,0,0,0,1,0,0,1,0
2,3,2015,2,1,350921,1200,0,0,0,0,1,0,0,0,0,0,1
2,3,2011,1,2,219504,858,0,0,0,0,0,1,0,0,0,1,0
4,4,2015,3,1,1974995,3953,0,0,0,0,1,0,0,0,0,1,0
1,1,1963,1,1,126463,533,0,0,0,0,0,1,0,0,0,1,0
1,4,1981,1,1,310474,1530,0,0,0,0,0,1,0,0,0,1,0
3,5,1976,1,3,315071,924,0,1,0,0,0,0,0,0,0,1,0
1,1,1977,1,1,100696,698,0,0,0,0,0,0,1,0,0,1,0
4,4,2011,3,1,1548952,2345,0,0,0,0,1,0,0,0,0,0,1
2,3,1954,2,1,293358,815,0,0,0,0,0,1,0,0,0,1,0
3,5,1908,1,3,378872,1596,0,0,0,0,1,0,0,0,0,1,0
2,3,1987,0,1,260558,600,0,0,0,0,0,0,1,0,0,0,1
2,4,1974,2,1,290377,919,0,0,0,0,0,1,0,0,0,1,0
3,3,2016,1,1,377110,1340,0,0,0,0,1,0,0,0,0,0,1
1,2,1967,1,1,190247,1008,0,0,0,0,0,0,1,0,0,0,1
2,5,1959,2,2,348972,1195,0,0,0,0,0,1,0,0,0,1,0
3,2,2016,2,1,401418,1074,0,0,0,0,1,0,0,0,0,0,1
1,2,1918,0,1,141530,583,0,0,0,0,0,1,0,0,0,0,1
2,4,1958,1,2,273592,768,0,0,0,0,0,1,0,0,0,0,1
2,2,2016,1,1,264770,942,0,0,0,0,0,0,1,0,0,1,0
1,3,1962,2,1,135521,800,0,0,0,0,0,1,0,0,0,1,0
1,2,1974,1,1,48559,576,0,0,1,0,0,0,0,0,0,0,1
2,2,2010,1,1,226781,915,0,0,0,0,0,0,1,0,0,1,0
4,5,2017,3,2,710375,2005,0,0,0,0,1,0,0,0,0,0,1
3,3,2016,1,1,380520,1340,0,0,0,0,1,0,0,0,0,0,1
1,2,1952,1,1,175890,986,0,0,0,0,1,0,0,0,0,0,1
4,4,2014,2,1,634075,2109,0,0,0,0,1,0,0,0,0,1,0
2,3,2015,2,1,363109,1200,0,0,0,0,1,0,0,0,0,0,1
1,2,1910,1,1,113237,648,0,0,0,0,0,1,0,0,0,1,0
1,2,1946,1,1,134907,700,0,0,0,0,0,1,0,0,0,1,0
4,5,2013,3,1,720693,2179,0,0,0,0,1,0,0,0,0,0,1
1,2,1928,1,1,97024,611,0,0,0,0,0,1,0,0,0,1,0
2,4,2014,2,2,161854,988,0,0,0,0,0,1,0,0,0,1,0
1,4,1922,1,1,209025,800,0,0,0,0,0,1,0,0,0,0,1
3,3,2024,2,1,490701,1581,0,0,0,0,1,0,0,0,0,0,1
1,2,1954,2,1,82794,780,0,0,0,0,0,1,0,0,0,1,0
2,3,1974,2,1,283535,846,0,0,0,0,0,1,0,0,0,1,0
3,5,1973,2,1,451782,1142,0,0,0,0,0,1,0,0,0,0,1
1,2,1978,0,1,88979,763,1,0,0,0,0,0,0,0,0,0,1
2,2,2023,1,1,260576,1030,0,0,0,0,1,0,0,0,0,0,1
3,5,1963,2,1,495361,1755,0,0,0,0,0,1,0,0,0,1,0
3,3,2023,2,1,673338,1916,0,0,0,0,1,0,0,0,0,0,1
3,4,1995,3,2,1081188,1979,0,0,0,0,0,1,0,0,0,1,0
1,2,1929,1,1,67971,646,0,0,0,0,0,1,0,0,0,1,0
3,4,1992,2,1,1001543,1932,0,0,0,0,0,1,0,0,0,0,1
4,4,1983,2,1,465734,1616,0,0,0,0,1,0,0,0,0,1,0
2,3,2013,2,1,598163,1415,0,0,0,0,0,1,0,0,0,0,1
1,3,1913,1,1,180453,1006,0,0,0,0,0,1,0,0,0,1,0
1,4,1974,2,1,209126,1090,0,0,0,0,0,1,0,0,0,1,0
3,3,2006,2,1,568126,1795,0,0,0,0,1,0,0,0,0,0,1
3,5,2012,2,2,350595,1000,0,0,0,0,0,1,0,0,0,1,0
3,3,2021,1,1,474085,1457,0,0,0,0,1,0,0,0,0,1,0
3,4,1977,2,1,598437,1684,0,0,0,0,0,1,0,0,0,1,0
2,5,2014,1,2,428841,1033,0,0,0,0,0,1,0,0,0,1,0
3,3,2023,2,1,675064,1916,0,0,0,0,1,0,0,0,0,0,1
2,3,1955,2,2,245722,960,0,0,0,0,0,1,0,0,0,1,0
2,4,1952,2,1,341795,914,0,0,0,0,0,1,0,0,0,1,0
4,3,2020,1,1,428869,1151,0,0,0,0,1,0,0,0,0,0,1
2,5,1959,1,1,333348,1040,0,0,0,0,0,1,0,0,0,0,1
2,4,1965,2,1,290088,1040,0,0,0,0,0,1,0,0,0,1,0
2,2,1970,2,1,248206,970,0,0,0,0,0,1,0,0,0,1,0
4,4,2010,3,1,1043509,2310,0,0,0,0,1,0,0,0,0,0,1
4,4,1971,2,1,899380,4370,0,0,0,0,1,0,0,0,0,1,0
4,4,2018,1,1,458762,1550,0,0,0,0,1,0,0,0,0,1,0
4,4,2015,1,2,550172,1458,0,0,0,0,1,0,0,0,0,0,1
2,2,1993,1,1,314682,1076,1,0,0,0,0,0,0,0,0,0,1
2,4,1960,2,1,318245,947,0,0,0,0,0,1,0,0,0,0,1
2,4,2010,1,2,329326,1020,0,0,0,0,0,1,0,0,0,1,0
4,5,1966,3,1,948994,3239,0,0,0,0,1,0,0,0,0,0,1
4,4,2018,2,1,1388545,2276,0,0,0,0,1,0,0,0,0,0,1
4,4,1978,2,1,796802,2522,0,0,0,0,1,0,0,0,0,0,1
1,5,1908,1,1,259010,1705,0,0,0,0,1,0,0,0,0,1,0
4,5,1912,0,3,599294,1497,0,0,0,0,1,0,0,0,0,0,1
3,3,2020,2,1,425956,1255,0,0,0,0,1,0,0,0,0,1,0
4,5,2015,2,2,689708,1490,0,0,0,0,1,0,0,0,0,0,1
1,4,1913,1,1,408499,1431,0,0,0,0,1,0,0,0,0,1,0
1,1,2015,1,1,203933,605,1,0,0,0,0,0,0,0,0,0,1
1,1,1914,2,1,298280,832,0,0,0,0,0,1,0,0,0,0,1
1,2,1979,1,1,115510,842,1,0,0,0,0,0,0,0,0,0,1
2,4,1971,2,1,307666,850,0,0,0,0,0,1,0,0,0,1,0
1,3,1945,1,1,126497,884,0,0,0,0,0,1,0,0,0,0,1
1,3,1982,1,1,115578,1260,0,0,1,0,0,0,0,0,0,0,1
1,2,1945,2,1,78331,672,0,0,0,0,0,1,0,0,0,1,0
3,3,1994,2,1,1088814,2238,0,0,0,0,0,1,0,0,0,1,0
1,2,1976,1,1,99817,909,0,0,0,0,0,0,1,0,0,1,0
2,2,2013,1,1,238081,912,1,0,0,0,0,0,0,0,0,1,0
2,4,2010,1,2,328932,1020,0,0,0,0,0,1,0,0,0,1,0
4,5,1923,2,2,980101,2326,0,0,0,0,0,1,0,0,0,0,1
3,3,1983,2,1,648591,2363,0,0,0,0,1,0,0,0,0,0,1
1,1,1968,1,1,251139,797,1,0,0,0,0,0,0,0,0,0,1
3,5,2013,2,1,708803,1772,0,0,0,0,0,1,0,0,0,1,0
4,4,2003,2,1,490283,1795,0,0,0,0,1,0,0,0,0,1,0
3,5,1929,1,2,473781,2164,0,0,0,0,1,0,0,0,0,0,1
2,3,1974,1,1,297485,853,0,0,0,0,0,1,0,0,0,0,1
3,5,1971,2,1,500032,1172,0,0,0,0,0,1,0,0,0,1,0
3,4,2014,2,1,429308,1280,0,0,0,0,1,0,0,0,0,1,0
1,3,1974,1,1,71514,1462,0,0,1,0,0,0,0,0,0,0,1
3,2,1996,1,1,470567,1582,0,0,0,0,1,0,0,0,0,0,1
2,4,2010,1,2,330381,1020,0,0,0,0,0,1,0,0,0,1,0
2,3,2015,2,1,363322,1200,0,0,0,0,1,0,0,0,0,0,1
2,5,1964,2,2,309881,1091,0,0,0,0,0,1,0,0,0,1,0
2,3,1934,1,1,650283,1707,0,0,0,0,1,0,0,0,0,0,1
1,1,2016,1,1,238667,686,1,0,0,0,0,0,0,0,0,0,1
1,1,1969,1,1,141162,643,0,0,0,0,1,0,0,0,0,0,1
1,1,2019,1,1,339525,541,1,0,0,0,0,0,0,0,0,0,1
3,5,2003,2,1,695377,1747,0,0,0,0,0,1,0,0,0,0,1
3,3,1976,1,1,359249,1200,0,0,0,0,0,1,0,0,0,1,0
4,5,1968,1,3,563576,1278,0,0,0,0,0,1,0,0,0,0,1
4,5,2016,3,1,2489906,3594,0,0,0,0,1,0,0,0,0,0,1
1,3,1920,0,1,141590,735,0,0,0,0,0,1,0,0,0,0,1
3,2,2014,1,1,371459,1358,0,0,0,0,1,0,0,0,0,1,0
1,4,1913,1,1,411506,1431,0,0,0,0,1,0,0,0,0,1,0
1,3,1924,1,1,245826,1150,0,0,0,0,0,1,0,0,0,1,0
1,2,1911,2,1,91317,717,0,0,0,0,0,1,0,0,0,1,0
2,2,2012,2,1,254285,1109,1,0,0,0,0,0,0,0,0,1,0
2,4,1971,2,1,307242,850,0,0,0,0,0,1,0,0,0,1,0
2,1,2016,1,1,475584,972,1,0,0,0,0,0,0,0,0,0,1
1,2,1953,2,1,249700,648,0,0,0,0,0,1,0,0,0,1,0
1,1,1950,0,1,238869,540,0,0,0,0,0,1,0,0,0,0,1
1,1,1976,1,1,94407,771,1,0,0,0,0,0,0,0,0,1,0
3,3,2024,2,1,648225,1568,0,0,0,0,1,0,0,0,0,0,1
2,2,2013,1,1,508063,1453,1,0,0,0,0,0,0,0,0,1,0
2,5,1954,1,2,471443,1014,0,0,0,0,0,1,0,0,0,0,1
3,3,1975,2,1,166544,1177,0,0,0,0,0,1,0,0,0,1,0
1,3,1975,2,1,191381,924,0,0,0,0,0,1,0,0,0,1,0
4,4,2022,2,1,748981,2074,0,0,0,0,1,0,0,0,0,0,1
1,2,1979,1,1,159410,990,1,0,0,0,0,0,0,0,0,1,0
3,2,2017,2,1,377902,1058,0,0,0,0,1,0,0,0,0,1,0
4,4,1979,2,1,747963,2172,0,0,0,0,1,0,0,0,0,0,1
1,3,1928,1,1,148164,720,0,0,0,0,0,1,0,0,0,1,0
4,5,1964,1,3,597212,1416,0,0,0,0,0,1,0,0,0,0,1
3,5,1985,2,2,620652,1893,0,0,0,0,1,0,0,0,0,0,1
4,4,1978,2,3,353699,2630,0,0,0,0,1,0,0,0,0,1,0
4,5,2008,2,1,505420,1208,0,0,0,0,0,1,0,0,0,0,1
1,3,1927,0,1,136327,720,0,0,0,0,0,1,0,0,0,0,1
2,4,1964,1,1,198636,1038,0,0,0,0,0,1,0,0,0,1,0
2,3,1998,1,1,280607,1120,0,0,0,0,1,0,0,0,0,0,1
2,5,1967,1,2,400833,1704,0,1,0,0,0,0,0,0,0,1,0
3,5,1929,1,2,473664,2164,0,0,0,0,1,0,0,0,0,0,1
1,2,1984,1,1,159023,840,0,0,0,0,0,0,1,0,0,0,1
4,4,1979,2,1,745441,2172,0,0,0,0,1,0,0,0,0,0,1
2,3,2006,1,1,651110,1787,1,0,0,0,0,0,0,0,0,0,1
3,4,1999,2,1,510045,1491,0,0,0,0,0,1,0,0,0,1,0
2,2,2002,1,1,260461,1202,0,0,0,0,1,0,0,0,0,1,0
4,4,2015,1,1,421590,1329,0,0,0,0,1,0,0,0,0,0,1
1,3,1972,2,1,256074,850,0,0,0,0,0,1,0,0,0,0,1
3,4,2022,2,1,850861,1592,0,0,0,0,0,1,0,0,0,1,0
1,2,1930,1,1,160937,632,0,0,0,0,0,1,0,0,0,0,1
2,2,1949,2,1,269786,880,0,0,0,0,0,1,0,0,0,0,1
3,5,2001,1,1,417569,1148,0,0,0,0,0,1,0,0,0,0,1
4,4,2018,2,1,749084,2176,0,0,0,0,1,0,0,0,0,1,0
2,3,1983,2,1,449457,1028,0,0,0,0,0,1,0,0,0,0,1
2,4,1912,1,2,275660,1661,0,0,0,0,1,0,0,0,0,1,0
2,5,1934,1,1,228012,865,0,0,0,0,0,1,0,0,0,0,1
2,3,1952,1,2,144190,862,0,0,0,0,0,1,0,0,0,1,0
3,3,2024,2,1,442156,1485,0,0,0,0,1,0,0,0,0,1,0
1,2,1928,1,1,99038,611,0,0,0,0,0,1,0,0,0,1,0
1,2,1955,1,2,221363,960,0,0,0,0,0,1,0,0,0,1,0
4,2,1910,2,1,260939,2004,0,0,0,0,1,0,0,0,0,1,0
4,4,2018,1,1,458317,1550,0,0,0,0,1,0,0,0,0,1,0
3,4,1985,1,2,449191,995,0,0,0,0,0,1,0,0,0,0,1
3,4,2020,2,1,680473,1206,0,0,0,0,0,0,1,0,0,0,1
3,3,2008,2,1,461299,1224,0,0,0,0,1,0,0,0,0,0,1
3,4,1973,2,1,614866,2262,0,0,0,0,1,0,0,0,0,1,0
1,2,1979,1,1,88036,825,1,0,0,0,0,0,0,0,0,1,0
3,3,2020,2,1,426727,1255,0,0,0,0,1,0,0,0,0,1,0
2,4,2010,1,2,330870,1020,0,0,0,0,0,1,0,0,0,1,0
4,5,2024,2,1,950925,2241,0,0,0,0,1,0,0,0,0,1,0
2,5,1988,2,2,151124,936,0,0,0,0,0,1,0,0,0,1,0
3,3,2023,1,1,826708,1605,0,0,0,0,0,0,1,0,0,0,1
3,3,2021,2,1,1601165,2444,1,0,0,0,0,0,0,0,0,0,1
1,2,2006,1,1,209559,872,1,0,0,0,0,0,0,0,0,0,1
4,5,1996,2,1,589076,1638,0,0,0,0,0,1,0,0,0,0,1
2,3,1955,2,2,245556,960,0,0,0,0,0,1,0,0,0,1,0
2,5,1959,2,1,450388,1192,0,0,0,0,0,1,0,0,0,1,0
3,3,2023,1,1,741815,1605,0,0,0,0,0,0,1,0,0,0,1
3,3,1957,2,1,389344,1288,0,0,0,0,0,1,0,0,0,1,0
1,1,1982,1,1,137216,667,1,0,0,0,0,0,0,0,0,0,1
1,3,1977,0,1,36083,1010,0,0,1,0,0,0,0,0,0,0,1
2,2,2012,1,1,309630,1087,1,0,0,0,0,0,0,0,0,1,0
1,4,1981,1,1,309363,1530,0,0,0,0,0,1,0,0,0,1,0
3,4,2014,2,1,430465,1280,0,0,0,0,1,0,0,0,0,1,0
3,5,2013,2,2,529532,1291,0,0,0,0,0,1,0,0,0,1,0
4,5,1921,1,2,292526,1907,0,0,0,0,1,0,0,0,0,0,1
2,3,1989,1,1,324776,930,0,0,0,0,0,0,1,0,0,0,1
2,1,2018,1,1,280872,827,0,0,0,0,1,0,0,0,0,0,1
2,2,2012,1,1,340555,1055,1,0,0,0,0,0,0,0,0,1,0
1,2,1928,1,1,23768,669,0,0,0,0,0,1,0,0,0,1,0
1,2,1929,2,1,66608,660,0,0,0,0,0,1,0,0,0,1,0
2,3,1963,2,1,316608,896,0,0,0,0,0,1,0,0,0,0,1
1,2,1973,1,1,161359,808,1,0,0,0,0,0,0,0,0,0,1
2,3,1973,2,1,370009,1248,0,0,0,0,0,1,0,0,0,1,0
3,5,1982,2,1,479215,1640,0,0,0,0,0,1,0,0,0,1,0
2,2,2007,1,1,469899,1069,1,0,0,0,0,0,0,0,0,0,1
2,3,1962,1,1,348532,1504,0,0,0,0,0,1,0,0,0,1,0
1,1,1968,1,1,208932,732,1,0,0,0,0,0,0,0,0,0,1
2,1,2018,1,1,279953,842,0,0,0,0,1,0,0,0,0,0,1
2,3,1986,2,1,311865,965,0,0,0,0,0,1,0,0,0,1,0
1,2,1949,2,1,85110,800,0,0,0,0,0,1,0,0,0,1,0
2,4,1954,2,2,170411,900,0,0,0,0,0,1,0,0,0,1,0
3,4,2001,2,1,860032,1919,0,0,0,0,0,1,0,0,0,1,0
4,4,1979,2,1,631078,2405,0,0,0,0,1,0,0,0,0,0,1
2,5,1988,2,2,148036,936,0,0,0,0,0,1,0,0,0,1,0
2,2,2012,2,1,309733,829,0,0,0,0,0,0,1,0,0,1,0
2,2,2013,1,1,264368,947,1,0,0,0,0,0,0,0,0,1,0
2,3,1975,2,1,219907,1016,0,0,0,0,1,0,0,0,0,1,0
3,3,2024,2,1,491329,1581,0,0,0,0,1,0,0,0,0,0,1
3,4,1980,2,1,598742,1922,0,0,0,0,1,0,0,0,0,0,1
1,1,1976,1,1,93774,796,1,0,0,0,0,0,0,0,0,1,0
4,5,1930,3,3,440678,2054,0,0,0,0,1,0,0,0,0,0,1
2,4,1942,1,2,351741,1800,0,0,0,0,0,1,0,0,0,0,1
1,4,1928,1,1,175357,1115,0,0,0,0,0,1,0,0,0,0,1
3,3,1912,2,2,259293,1496,0,0,0,0,1,0,0,0,0,0,1
3,3,2024,2,1,500786,1523,0,0,0,0,1,0,0,0,0,0,1
1,2,1974,2,1,99598,909,1,0,0,0,0,0,0,0,0,1,0
4,4,2015,2,2,500894,1434,0,0,0,0,1,0,0,0,0,1,0
4,4,2013,2,1,1301159,3457,0,0,0,0,0,1,0,0,0,1,0
3,3,2024,2,1,451140,1404,0,0,0,0,1,0,0,0,0,0,1
4,5,1931,1,2,461737,1447,0,0,0,0,0,1,0,0,0,0,1
2,2,1920,1,1,321690,1053,0,0,0,0,0,1,0,0,0,1,0
2,3,1950,1,1,285735,976,0,0,0,0,0,1,0,0,0,1,0
2,2,1970,2,1,248591,970,0,0,0,0,0,1,0,0,0,1,0
3,3,1955,3,1,499615,2224,0,0,0,0,1,0,0,0,0,0,1
2,4,1945,1,1,303589,792,0,0,0,0,0,1,0,0,0,1,0
2,3,1978,1,1,271827,600,0,0,0,0,0,0,1,0,0,0,1
2,5,1963,2,2,467996,1120,0,0,0,0,0,1,0,0,0,0,1
4,5,2005,3,1,2099992,2868,0,0,0,0,1,0,0,0,0,0,1
2,2,1970,1,1,398505,1155,1,0,0,0,0,0,0,0,0,0,1
2,3,1988,1,1,344147,808,0,0,0,0,0,1,0,0,0,0,1
2,3,2014,1,1,331385,1265,0,0,0,0,1,0,0,0,0,0,1
1,3,1927,0,1,136221,720,0,0,0,0,0,1,0,0,0,0,1
2,3,1972,2,1,238814,875,0,0,0,0,0,1,0,0,0,1,0
2,4,1971,2,1,304180,850,0,0,0,0,0,1,0,0,0,1,0
2,4,2013,1,1,214092,960,0,0,0,0,0,0,1,0,0,0,1
3,3,2024,2,1,456279,1515,0,0,0,0,1,0,0,0,0,1,0
2,1,2018,1,1,279327,827,0,0,0,0,1,0,0,0,0,0,1
3,3,2024,2,1,444795,1485,0,0,0,0,1,0,0,0,0,1,0
4,4,2011,2,1,457802,1566,0,0,0,0,1,0,0,0,0,1,0
4,5,2013,2,2,616211,1460,0,0,0,0,0,1,0,0,0,0,1
3,4,2015,1,1,465072,1200,0,0,0,0,1,0,0,0,0,0,1
3,4,1987,2,1,498509,1162,0,0,0,0,0,1,0,0,0,0,1
2,2,2010,1,1,225637,915,0,0,0,0,0,0,1,0,0,1,0
4,4,2016,1,2,568170,1530,0,0,0,0,1,0,0,0,0,0,1
4,4,1983,2,1,461087,1373,0,0,0,0,0,1,0,0,0,1,0
1,4,1974,2,1,209821,1090,0,0,0,0,0,1,0,0,0,1,0
4,5,2008,2,1,505146,1208,0,0,0,0,0,1,0,0,0,0,1
2,5,1967,1,2,399215,1704,0,1,0,0,0,0,0,0,0,1,0
3,3,2022,2,1,675143,1663,0,0,0,0,1,0,0,0,0,0,1
3,3,2024,2,1,488135,1581,0,0,0,0,1,0,0,0,0,0,1
3,3,2016,1,1,377929,1340,0,0,0,0,1,0,0,0,0,0,1
3,3,2011,1,1,361057,1250,0,0,0,0,1,0,0,0,0,0,1
2,4,1977,1,1,341607,1039,0,0,0,0,0,1,0,0,0,0,1
1,3,1930,1,1,130797,750,0,0,0,0,0,1,0,0,0,0,1
1,1,1982,1,1,137216,667,1,0,0,0,0,0,0,0,0,0,1
3,5,2015,3,2,420778,1536,0,0,0,0,1,0,0,0,0,0,1
2,4,1958,2,1,593302,1599,0,0,0,0,0,1,0,0,0,1,0
3,3,2024,2,1,912387,2450,0,0,0,0,1,0,0,0,0,0,1
1,3,1911,1,1,249383,880,0,0,0,0,0,1,0,0,0,1,0
4,5,2006,2,2,574809,2048,0,0,0,0,1,0,0,0,0,1,0
1,2,1966,1,1,133852,854,1,0,0,0,0,0,0,0,0,1,0
3,2,2016,1,1,359944,1000,0,0,0,0,1,0,0,0,0,0,1
2,2,2012,1,1,386643,1356,1,0,0,0,0,0,0,0,0,1,0
2,2,2010,1,1,238424,1140,1,0,0,0,0,0,0,0,0,1,0
2,4,1967,1,1,428638,1008,0,0,0,0,0,1,0,0,0,0,1
3,3,1998,1,1,313593,1113,0,0,0,0,1,0,0,0,0,0,1
1,3,1927,1,1,309409,906,0,0,0,0,0,1,0,0,0,0,1
3,3,2024,1,1,529039,1695,0,0,0,0,1,0,0,0,0,0,1
4,5,1968,2,2,539367,2182,0,1,0,0,0,0,0,0,0,1,0
2,5,1961,1,2,318814,888,0,0,0,0,0,1,0,0,0,1,0
3,2,2005,1,1,314245,1199,0,0,0,0,1,0,0,0,0,0,1
1,3,1969,1,1,168447,1008,0,0,0,0,1,0,0,0,0,1,0
3,3,2013,2,1,828624,2295,0,0,0,0,1,0,0,0,0,0,1
2,3,1964,3,1,408175,872,0,0,0,0,0,1,0,0,0,0,1
1,0,1915,0,1,105622,670,0,0,0,0,0,1,0,0,0,0,1
2,4,1952,2,1,340629,914,0,0,0,0,0,1,0,0,0,1,0
4,5,2017,3,1,830210,2310,0,0,0,0,1,0,0,0,0,0,1
2,5,1967,2,2,328976,1284,0,0,0,0,0,1,0,0,0,0,1
3,4,1982,1,1,316597,1070,0,0,0,0,0,1,0,0,0,1,0
3,3,2015,2,1,417101,1471,0,0,0,0,1,0,0,0,0,1,0
2,3,1952,2,1,297132,866,0,0,0,0,0,1,0,0,0,1,0
1,1,1930,0,1,83654,500,0,0,0,0,0,1,0,0,0,0,1
3,3,1994,2,1,1088128,2238,0,0,0,0,0,1,0,0,0,1,0
4,3,2014,2,1,541954,1515,0,0,0,0,1,0,0,0,0,1,0
2,3,1970,1,1,284454,1368,0,0,0,0,1,0,0,0,0,1,0
1,2,1943,1,1,151867,544,0,0,0,0,0,1,0,0,0,1,0
3,4,1914,2,1,250042,1538,0,0,0,0,1,0,0,0,0,1,0
1,2,1981,1,1,208034,800,0,0,0,0,0,1,0,0,0,1,0
3,4,1977,2,1,598385,1684,0,0,0,0,0,1,0,0,0,1,0
3,3,2016,2,1,526306,1509,0,0,0,0,1,0,0,0,0,1,0
1,2,1999,1,1,201825,1102,1,0,0,0,0,0,0,0,0,1,0
2,5,1972,2,1,259665,875,0,0,0,0,0,1,0,0,0,0,1
1,3,1930,1,1,145976,648,0,0,0,0,0,1,0,0,0,1,0
2,4,1980,1,1,375988,828,0,0,0,0,0,1,0,0,0,0,1
1,2,1912,2,1,124497,605,0,0,0,0,0,1,0,0,0,1,0
3,4,1929,2,3,201232,1240,0,0,0,0,1,0,0,0,0,1,0
1,1,1979,2,1,79695,646,1,0,0,0,0,0,0,0,0,1,0
1,2,1947,1,1,196507,616,0,0,0,0,0,1,0,0,0,0,1
2,3,2009,2,1,289545,1083,0,0,0,0,0,0,1,0,0,0,1
2,3,1986,2,1,309927,965,0,0,0,0,0,1,0,0,0,1,0
2,4,1952,1,1,347937,1648,0,0,0,0,0,1,0,0,0,1,0
3,4,1969,1,1,501831,2088,0,0,0,0,1,0,0,0,0,0,1
1,3,1972,2,1,256898,850,0,0,0,0,0,1,0,0,0,0,1
4,4,1969,2,1,538754,1704,0,0,0,0,1,0,0,0,0,0,1
2,4,1931,2,1,791854,1712,0,0,0,0,1,0,0,0,0,0,1
1,3,1971,1,1,116769,899,0,0,1,0,0,0,0,0,0,0,1
1,1,1968,1,1,118880,608,0,0,0,0,0,0,1,0,0,0,1
2,5,1962,2,2,373330,1050,0,0,0,0,0,1,0,0,0,1,0
1,3,1930,1,1,127921,750,0,0,0,0,0,1,0,0,0,0,1
1,3,1948,1,1,183803,732,0,0,0,0,0,1,0,0,0,1,0
2,5,1957,1,2,311782,1152,0,0,0,0,0,1,0,0,0,0,1
2,5,1988,2,2,151255,936,0,0,0,0,0,1,0,0,0,1,0
2,4,1919,2,1,105684,760,0,0,0,0,0,1,0,0,0,1,0
2,2,2011,2,1,546066,1256,0,0,0,0,0,0,1,0,0,1,0
1,1,1979,2,1,77681,646,1,0,0,0,0,0,0,0,0,1,0
3,4,1973,2,1,411609,1390,0,0,0,0,0,1,0,0,0,0,1
3,5,1971,2,1,498265,1172,0,0,0,0,0,1,0,0,0,1,0
4,4,2007,3,1,669074,1966,0,0,0,0,1,0,0,0,0,1,0
1,2,1974,1,1,51087,576,0,0,1,0,0,0,0,0,0,0,1
2,4,1953,1,2,451885,1096,0,0,0,0,0,1,0,0,0,0,1
1,4,1912,1,1,333590,1240,0,0,0,0,1,0,0,0,0,1,0
1,2,1924,2,1,189871,720,0,0,0,0,0,1,0,0,0,1,0
1,3,1955,2,1,290487,1092,0,0,0,0,0,1,0,0,0,1,0
3,3,1912,1,1,510864,2242,0,0,0,0,1,0,0,0,0,0,1
2,3,1959,2,1,308909,912,0,0,0,0,0,1,0,0,0,1,0
3,3,1980,1,1,426477,1525,0,0,0,0,1,0,0,0,0,0,1
2,2,2012,1,1,260230,1119,0,0,0,0,0,0,1,0,0,1,0
2,4,1924,2,2,499205,2772,0,0,0,0,1,0,0,0,0,0,1
2,4,1955,1,1,199653,759,0,0,0,0,0,1,0,0,0,0,1
3,3,2021,2,1,558940,1625,0,0,0,0,1,0,0,0,0,0,1
2,4,1931,2,1,791096,1712,0,0,0,0,1,0,0,0,0,0,1
2,4,1953,1,1,338243,1008,0,0,0,0,0,1,0,0,0,1,0
3,3,2014,1,1,368202,1340,0,0,0,0,1,0,0,0,0,0,1
3,3,2024,2,1,648619,1568,0,0,0,0,1,0,0,0,0,0,1
1,3,1912,0,1,234336,1055,0,0,0,0,0,1,0,0,0,0,1
1,2,1946,0,1,181136,640,0,0,0,0,0,1,0,0,0,0,1
3,5,2013,2,2,1051263,2433,0,0,0,0,0,1,0,0,0,1,0
3,4,1999,2,1,511077,1491,0,0,0,0,0,1,0,0,0,1,0
3,4,1994,2,1,588303,1882,0,0,0,0,0,1,0,0,0,0,1
1,2,1985,1,1,238275,943,1,0,0,0,0,0,0,0,0,0,1
2,2,1933,2,1,215843,830,0,0,0,0,0,1,0,0,0,1,0
1,2,1954,1,1,305083,700,0,0,0,0,0,1,0,0,0,0,1
4,3,2013,3,1,651471,1953,0,0,0,0,1,0,0,0,0,1,0
2,2,2004,1,1,448889,1348,1,0,0,0,0,0,0,0,0,0,1
3,3,2024,2,1,500232,1523,0,0,0,0,1,0,0,0,0,0,1
1,3,1927,1,1,180590,1161,0,0,0,0,0,1,0,0,0,1,0
2,4,1957,1,1,179769,797,0,0,0,0,0,1,0,0,0,1,0
3,5,1979,1,2,347950,1305,0,0,0,0,0,1,0,0,0,0,1
3,3,2024,2,1,488502,1581,0,0,0,0,1,0,0,0,0,0,1
2,3,1970,1,1,283699,1368,0,0,0,0,1,0,0,0,0,1,0
2,2,2012,1,1,341885,1055,1,0,0,0,0,0,0,0,0,1,0
3,4,1988,2,1,510759,1167,0,0,0,0,0,1,0,0,0,0,1
4,5,1986,2,1,690282,1989,0,0,0,0,1,0,0,0,0,0,1
2,3,1986,2,1,142261,1399,1,0,0,0,0,0,0,0,0,1,0
2,1,2025,2,1,678735,1110,0,0,0,0,0,0,1,0,0,0,1
3,4,1987,2,1,500228,1162,0,0,0,0,0,1,0,0,0,0,1
2,3,1987,2,1,250447,1080,0,0,0,0,1,0,0,0,0,0,1
3,5,2015,3,2,419868,1536,0,0,0,0,1,0,0,0,0,0,1
3,5,2003,2,1,695314,1747,0,0,0,0,0,1,0,0,0,0,1
2,3,1965,3,1,499571,1023,0,0,0,0,0,1,0,0,0,0,1
2,3,1928,1,1,273304,1287,0,0,0,0,0,1,0,0,0,1,0
2,5,1975,2,1,295238,919,0,0,0,0,0,1,0,0,0,0,1
3,5,1979,1,2,350217,1305,0,0,0,0,0,1,0,0,0,0,1
1,2,1967,2,1,181326,881,1,0,0,0,0,0,0,0,0,1,0
3,3,2006,2,1,570644,1795,0,0,0,0,1,0,0,0,0,0,1
1,2,1976,1,1,150310,832,0,0,0,0,0,0,1,0,0,1,0
3,2,2014,1,1,358939,1485,0,0,0,0,0,0,1,0,0,0,1
3,5,2013,2,1,708980,1772,0,0,0,0,0,1,0,0,0,1,0
3,2,1913,2,1,416771,2058,0,0,0,0,0,0,0,0,1,1,0
2,4,1952,2,1,338374,914,0,0,0,0,0,1,0,0,0,1,0
3,3,2021,2,1,580353,1581,0,0,0,0,1,0,0,0,0,0,1
3,4,1974,2,2,399720,1916,0,0,0,0,1,0,0,0,0,1,0
2,3,1965,2,1,325325,1340,0,0,0,0,0,1,0,0,0,1,0
2,2,1984,1,1,178117,974,0,0,0,0,0,0,1,0,0,1,0
3,4,2013,2,1,770532,1534,0,0,0,0,0,1,0,0,0,1,0
4,4,1991,2,1,1146262,2765,0,0,0,0,1,0,0,0,0,1,0
3,4,1983,2,1,399440,1731,0,0,0,0,1,0,0,0,0,1,0
4,5,2022,3,1,1381950,3067,0,0,0,0,1,0,0,0,0,0,1
4,5,2006,2,2,998745,2771,0,0,0,0,1,0,0,0,0,0,1
2,2,2023,1,1,261133,1030,0,0,0,0,1,0,0,0,0,0,1
3,4,1929,2,3,200026,1240,0,0,0,0,1,0,0,0,0,1,0
4,5,2011,3,1,2251327,3351,0,0,0,0,0,1,0,0,0,0,1
2,2,1925,1,1,298568,935,0,0,0,0,0,1,0,0,0,1,0
1,2,1976,1,1,97505,909,0,0,0,0,0,0,1,0,0,1,0
2,4,1957,2,1,399719,1195,0,0,0,0,0,1,0,0,0,0,1
4,3,2013,1,1,498299,1502,0,0,0,0,1,0,0,0,0,0,1
4,3,2012,1,1,360653,1381,0,0,0,0,1,0,0,0,0,1,0
1,1,2017,1,1,174750,425,0,0,0,0,0,0,1,0,0,1,0
3,3,1975,2,1,486066,1381,0,0,0,0,0,1,0,0,0,1,0
1,1,1912,1,1,178759,530,0,0,0,0,0,1,0,0,0,0,1
3,5,1984,2,1,377987,1260,0,0,0,0,0,1,0,0,0,1,0
2,3,1924,1,1,100828,1040,0,0,0,0,1,0,0,0,0,1,0
1,2,1943,1,1,148340,544,0,0,0,0,0,1,0,0,0,1,0
1,2,1910,1,1,113875,648,0,0,0,0,0,1,0,0,0,1,0
1,1,2016,1,1,239796,686,1,0,0,0,0,0,0,0,0,0,1
3,2,2003,2,1,361065,1066,0,0,0,0,0,0,1,0,0,1,0
2,3,1912,1,1,349132,1284,0,0,0,0,1,0,0,0,0,0,1
1,2,1959,1,1,271738,768,0,0,0,0,0,1,0,0,0,1,0
4,4,2010,2,1,499364,1498,0,0,0,0,1,0,0,0,0,1,0
1,2,1983,1,1,152025,884,1,0,0,0,0,0,0,0,0,0,1
4,3,2012,2,1,539084,1656,0,0,0,0,1,0,0,0,0,1,0
2,3,1951,1,1,259409,852,0,0,0,0,0,1,0,0,0,1,0
1,3,1920,2,1,65781,756,0,0,0,0,0,1,0,0,0,1,0
1,4,1981,1,1,310768,1530,0,0,0,0,0,1,0,0,0,1,0
2,5,1957,2,2,288625,1040,0,0,0,0,0,1,0,0,0,0,1
1,3,1920,2,1,64871,756,0,0,0,0,0,1,0,0,0,1,0
1,1,2012,1,1,229374,753,1,0,0,0,0,0,0,0,0,1,0
4,5,2013,3,1,654932,2103,0,0,0,0,1,0,0,0,0,0,1
2,2,2000,2,1,200371,1600,0,0,1,0,0,0,0,0,0,0,1
2,5,1969,1,2,208551,977,0,0,0,0,0,0,1,0,0,1,0
2,3,1928,1,2,474847,1917,0,0,0,0,1,0,0,0,0,1,0
2,3,1980,3,1,200886,1109,1,0,0,0,0,0,0,0,0,0,1
3,3,2019,2,1,519267,1628,0,0,0,0,1,0,0,0,0,0,1
3,3,2024,2,1,570065,1661,0,0,0,0,1,0,0,0,0,1,0
3,3,2007,2,1,723202,1267,0,0,0,0,0,1,0,0,0,0,1
1,1,1968,1,1,118681,608,0,0,0,0,0,0,1,0,0,0,1
1,1,1977,1,1,98366,698,0,0,0,0,0,0,1,0,0,1,0
2,3,1975,2,1,221589,1016,0,0,0,0,1,0,0,0,0,1,0
2,4,1958,2,1,325895,975,0,0,0,0,0,1,0,0,0,1,0
4,4,2022,2,1,749477,2074,0,0,0,0,1,0,0,0,0,0,1
2,2,2012,1,1,384453,1356,1,0,0,0,0,0,0,0,0,1,0
1,2,1924,2,1,190873,720,0,0,0,0,0,1,0,0,0,1,0
3,5,2014,2,1,799272,1669,0,0,0,0,0,1,0,0,0,0,1
2,2,2019,1,1,342621,1058,1,0,0,0,0,0,0,0,0,0,1
2,4,1967,1,1,370033,1066,0,0,0,0,0,0,1,0,0,0,1
2,4,2014,2,2,248865,905,0,0,0,0,0,1,0,0,0,1,0
2,2,2024,0,1,191300,924,0,0,1,0,0,0,0,0,0,0,1
4,5,1911,2,2,629902,4057,0,0,0,0,1,0,0,0,0,1,0
1,2,1976,1,1,148541,832,0,0,0,0,0,0,1,0,0,1,0
1,1,1981,1,1,119151,797,1,0,0,0,0,0,0,0,0,0,1
4,5,2014,3,1,875423,1901,0,0,0,0,1,0,0,0,0,1,0
3,3,2024,2,1,495551,1523,0,0,0,0,1,0,0,0,0,0,1
1,2,1946,1,1,135971,700,0,0,0,0,0,1,0,0,0,1,0
4,5,1977,1,3,490553,2650,0,0,0,0,1,0,0,0,0,1,0
2,2,2015,1,1,429319,1261,1,0,0,0,0,0,0,0,0,0,1
4,6,2010,3,1,1890271,4104,0,0,0,0,1,0,0,0,0,1,0
3,3,1987,1,1,419760,1371,0,0,0,0,0,0,1,0,0,0,1
2,3,1975,2,1,269312,900,0,0,0,0,0,1,0,0,0,1,0
2,4,1929,1,1,269832,1120,0,1,0,0,0,0,0,0,0,1,0
3,5,1910,2,3,324947,2206,0,0,0,0,1,0,0,0,0,1,0
1,2,1946,0,1,181718,640,0,0,0,0,0,1,0,0,0,0,1
2,5,1978,2,1,288188,993,0,0,0,0,0,1,0,0,0,1,0
1,2,1967,2,1,178824,881,1,0,0,0,0,0,0,0,0,1,0
3,4,1986,2,1,378724,1013,0,0,0,0,0,1,0,0,0,1,0
4,4,2022,2,1,751879,2074,0,0,0,0,1,0,0,0,0,0,1
2,4,1962,2,1,288921,960,0,0,0,0,0,1,0,0,0,1,0
3,2,2017,2,1,379297,1058,0,0,0,0,1,0,0,0,0,1,0
3,3,2024,2,1,441963,1485,0,0,0,0,1,0,0,0,0,1,0
4,4,2015,1,2,547291,1458,0,0,0,0,1,0,0,0,0,0,1
3,3,2025,2,1,623757,1628,0,0,0,0,1,0,0,0,0,0,1
3,4,2024,2,1,564255,1830,0,0,0,0,1,0,0,0,0,1,0
4,4,1969,2,1,538917,1704,0,0,0,0,1,0,0,0,0,0,1
1,3,1959,1,1,245214,960,0,0,0,0,0,1,0,0,0,0,1
1,2,1953,1,1,68288,527,0,0,0,0,0,1,0,0,0,1,0
3,4,2014,2,1,430434,1280,0,0,0,0,1,0,0,0,0,1,0
2,3,1915,1,1,330978,921,0,0,0,0,1,0,0,0,0,0,1
2,3,1964,3,1,409628,872,0,0,0,0,0,1,0,0,0,0,1
1,2,1982,1,2,133746,823,0,0,0,0,0,0,1,0,0,1,0
3,3,2024,1,1,528996,1695,0,0,0,0,1,0,0,0,0,0,1
2,3,1966,0,1,315130,1063,0,0,0,0,0,1,0,0,0,0,1
1,1,2014,1,1,195749,538,1,0,0,0,0,0,0,0,0,0,1
2,2,2011,2,1,218290,958,1,0,0,0,0,0,0,0,0,1,0
2,3,1963,2,1,315563,896,0,0,0,0,0,1,0,0,0,0,1
2,4,1946,1,2,449481,816,0,0,0,0,0,1,0,0,0,0,1
2,4,2010,1,2,331145,1020,0,0,0,0,0,1,0,0,0,1,0
3,4,1982,2,1,436854,1706,0,0,0,0,0,1,0,0,0,1,0
2,4,1929,1,1,270763,1120,0,1,0,0,0,0,0,0,0,1,0
2,3,1912,1,1,351097,1284,0,0,0,0,1,0,0,0,0,0,1
3,3,1995,2,1,1449494,3244,0,0,0,0,0,1,0,0,0,1,0
3,5,1972,2,2,448000,1300,0,0,0,0,0,1,0,0,0,0,1
2,4,2010,1,2,329580,1020,0,0,0,0,0,1,0,0,0,1,0
4,4,2010,1,1,264024,1797,1,0,0,0,0,0,0,0,0,0,1
3,4,1987,2,1,501293,1162,0,0,0,0,0,1,0,0,0,0,1
1,2,1929,1,1,68413,646,0,0,0,0,0,1,0,0,0,1,0
2,2,2012,1,1,259527,1119,0,0,0,0,0,0,1,0,0,1,0
4,5,1968,2,1,430149,2079,0,0,0,0,0,1,0,0,0,1,0
3,5,2014,2,1,596319,1257,0,0,0,0,0,1,0,0,0,0,1
1,2,1947,1,1,100142,480,0,0,0,0,0,1,0,0,0,1,0
3,3,1995,2,1,1449591,3244,0,0,0,0,0,1,0,0,0,1,0
1,3,1947,1,1,223432,982,0,0,0,0,0,1,0,0,0,1,0
3,5,2024,2,2,380756,1422,0,0,0,0,0,1,0,0,0,1,0
4,4,2024,2,2,471545,1250,0,0,0,0,1,0,0,0,0,1,0
4,4,2013,1,1,435286,1803,0,0,0,0,1,0,0,0,0,0,1
2,2,2005,1,1,252907,992,1,0,0,0,0,0,0,0,0,1,0
2,3,2003,2,1,240480,1080,0,0,0,0,0,0,1,0,0,1,0
2,4,1931,1,1,325436,2016,0,0,0,0,1,0,0,0,0,0,1
2,4,1978,1,1,354012,868,0,0,0,0,0,1,0,0,0,0,1
4,5,2002,3,1,1269626,3300,0,0,0,0,1,0,0,0,0,1,0
3,3,2016,2,1,524073,1509,0,0,0,0,1,0,0,0,0,1,0
2,3,1999,1,1,140555,1280,0,0,1,0,0,0,0,0,0,1,0
2,2,1912,2,1,199876,1312,0,0,0,0,1,0,0,0,0,1,0
1,4,1981,1,1,309928,1530,0,0,0,0,0,1,0,0,0,1,0
2,2,2011,2,1,217691,958,1,0,0,0,0,0,0,0,0,1,0
1,1,1969,1,1,148151,640,1,0,0,0,0,0,0,0,0,0,1
2,3,1970,1,1,285761,1368,0,0,0,0,1,0,0,0,0,1,0
1,2,1999,1,1,208915,911,1,0,0,0,0,0,0,0,0,1,0
2,5,1959,2,1,451513,1192,0,0,0,0,0,1,0,0,0,1,0
3,4,1918,2,2,399408,1665,0,0,0,0,0,1,0,0,0,1,0
2,5,1965,1,1,325671,864,0,0,0,0,0,1,0,0,0,0,1
3,3,2017,2,1,490438,1456,0,0,0,0,1,0,0,0,0,0,1
3,4,1980,3,2,751892,1877,0,0,0,0,0,1,0,0,0,0,1
3,2,2013,1,1,266198,998,0,0,0,0,1,0,0,0,0,0,1
2,3,1962,1,2,368845,756,0,0,0,0,0,1,0,0,0,0,1
4,5,1911,2,2,631295,4057,0,0,0,0,1,0,0,0,0,1,0
2,3,1963,2,1,376240,1111,0,0,0,0,0,1,0,0,0,1,0
2,2,2010,1,1,237664,1140,1,0,0,0,0,0,0,0,0,1,0
4,5,2022,2,1,869323,2386,0,0,0,0,1,0,0,0,0,0,1
2,3,1928,1,1,158962,1450,0,0,0,0,1,0,0,0,0,1,0
3,4,2025,2,1,631598,1766,0,0,0,0,1,0,0,0,0,0,1
1,4,1913,1,1,409291,1431,0,0,0,0,1,0,0,0,0,1,0
4,4,1983,2,1,690125,2000,0,0,0,0,1,0,0,0,0,0,1
3,2,2003,2,1,361169,1066,0,0,0,0,0,0,1,0,0,1,0
3,4,1914,2,1,248554,1538,0,0,0,0,1,0,0,0,0,1,0
2,5,1927,1,2,301122,1160,0,0,0,0,0,1,0,0,0,0,1
2,2,2014,1,1,459308,1336,1,0,0,0,0,0,0,0,0,1,0
4,5,1981,2,1,536864,1804,0,0,0,0,1,0,0,0,0,0,1
3,3,2012,2,1,389770,1304,0,0,0,0,1,0,0,0,0,1,0
3,3,2018,1,1,381890,1120,0,0,0,0,1,0,0,0,0,0,1
3,5,2015,2,2,628338,1216,0,0,0,0,0,1,0,0,0,0,1
2,2,2012,2,1,255745,1109,1,0,0,0,0,0,0,0,0,1,0
3,4,1976,1,1,347179,1267,0,0,0,0,0,1,0,0,0,1,0
1,2,1961,2,1,250474,754,0,0,0,0,0,1,0,0,0,1,0
2,3,1928,1,1,159123,1450,0,0,0,0,1,0,0,0,0,1,0
3,2,2014,1,1,370111,1358,0,0,0,0,1,0,0,0,0,1,0
4,5,2014,3,1,874981,1901,0,0,0,0,1,0,0,0,0,1,0
3,4,1977,2,1,598277,1684,0,0,0,0,0,1,0,0,0,1,0
1,2,1929,2,1,113054,720,0,0,0,0,0,1,0,0,0,1,0
4,4,2005,2,1,640616,1825,0,0,0,0,1,0,0,0,0,0,1
2,2,2004,1,1,248090,1176,0,0,0,0,1,0,0,0,0,0,1
2,3,1954,2,1,292235,815,0,0,0,0,0,1,0,0,0,1,0
3,3,1976,1,1,359730,1200,0,0,0,0,0,1,0,0,0,1,0
2,1,2025,2,1,668487,1071,0,0,0,0,0,0,1,0,0,0,1
1,3,1975,2,1,188848,924,0,0,0,0,0,1,0,0,0,1,0
4,4,2024,2,1,1299394,2324,0,0,0,0,1,0,0,0,0,0,1
4,4,2016,1,2,571024,1530,0,0,0,0,1,0,0,0,0,0,1
2,3,1986,1,1,360797,887,0,0,0,0,0,1,0,0,0,1,0
4,5,2006,2,2,573823,2048,0,0,0,0,1,0,0,0,0,1,0
3,5,1965,1,1,599223,1414,0,0,0,0,1,0,0,0,0,0,1
1,2,1916,1,1,59936,640,0,0,0,0,0,1,0,0,0,1,0
3,5,2013,2,2,1048895,2433,0,0,0,0,0,1,0,0,0,1,0
1,4,1928,1,1,174142,1115,0,0,0,0,0,1,0,0,0,0,1
2,3,1934,1,1,650289,1707,0,0,0,0,1,0,0,0,0,0,1
2,5,1974,1,1,308266,1076,0,0,0,0,0,1,0,0,0,1,0
2,4,1921,2,1,136644,1153,0,0,0,0,1,0,0,0,0,1,0
2,4,2014,2,2,251822,905,0,0,0,0,0,1,0,0,0,1,0
4,4,2006,2,1,498997,1722,0,0,0,0,1,0,0,0,0,1,0
3,5,2001,2,1,450988,1180,0,0,0,0,0,1,0,0,0,0,1
4,4,2018,1,1,371267,1336,0,0,0,0,1,0,0,0,0,1,0
3,5,1910,2,3,325701,2206,0,0,0,0,1,0,0,0,0,1,0
2,3,1987,2,1,250628,1080,0,0,0,0,1,0,0,0,0,0,1
3,3,1986,2,1,466172,1372,0,0,0,0,0,1,0,0,0,1,0
3,5,2003,2,1,694337,1747,0,0,0,0,0,1,0,0,0,0,1
4,5,2024,2,2,599711,1460,0,0,0,0,0,1,0,0,0,0,1
3,3,1975,2,1,166330,1177,0,0,0,0,0,1,0,0,0,1,0
2,2,2010,2,1,549584,1356,0,0,0,0,0,0,1,0,0,1,0
2,4,1944,2,2,249485,836,0,0,0,0,0,1,0,0,0,1,0
4,4,2011,3,1,1551890,2345,0,0,0,0,1,0,0,0,0,0,1
2,2,2005,1,1,255077,992,1,0,0,0,0,0,0,0,0,1,0
1,3,1977,1,1,160020,960,0,0,0,0,0,0,1,0,0,1,0
4,4,2011,2,1,660534,1899,0,0,0,0,1,0,0,0,0,0,1
2,2,2005,1,1,271014,1182,0,0,0,0,1,0,0,0,0,0,1
3,5,2013,2,1,708409,1772,0,0,0,0,0,1,0,0,0,1,0
4,5,2024,2,2,599601,1460,0,0,0,0,0,1,0,0,0,0,1
4,4,2015,3,1,1973327,3953,0,0,0,0,1,0,0,0,0,1,0
3,5,2013,2,2,531077,1291,0,0,0,0,0,1,0,0,0,1,0
3,3,1976,1,1,287696,1393,0,0,0,0,1,0,0,0,0,1,0
1,3,1913,1,1,59642,720,0,0,0,0,0,1,0,0,0,1,0
4,4,2018,1,1,369088,1336,0,0,0,0,1,0,0,0,0,1,0
1,3,1977,2,1,148713,998,0,0,0,0,0,0,1,0,0,1,0
3,5,1963,2,1,498471,1755,0,0,0,0,0,1,0,0,0,1,0
2,2,1912,1,1,472942,2476,0,0,0,0,0,0,0,0,1,1,0
1,0,1949,0,1,105761,338,0,0,0,0,0,1,0,0,0,0,1
2,3,1984,2,1,299622,1007,0,0,0,0,0,1,0,0,0,1,0
4,5,2013,3,1,949700,2465,0,0,0,0,1,0,0,0,0,0,1
4,4,1999,2,1,575109,1629,0,0,0,0,1,0,0,0,0,1,0
4,4,2012,2,1,440201,1424,0,0,0,0,1,0,0,0,0,1,0
1,3,1947,2,1,200679,1000,0,0,0,0,0,1,0,0,0,1,0
3,5,1966,1,1,397933,2004,0,0,0,0,0,1,0,0,0,1,0
1,2,1911,2,1,88070,717,0,0,0,0,0,1,0,0,0,1,0
2,3,1978,1,1,271339,600,0,0,0,0,0,0,1,0,0,0,1
2,3,2000,1,1,309054,1208,0,0,0,0,1,0,0,0,0,0,1
3,3,2016,1,1,377064,1340,0,0,0,0,1,0,0,0,0,0,1
2,3,2015,1,1,334943,1245,0,0,0,0,1,0,0,0,0,0,1
4,4,2014,2,1,480276,1402,0,0,0,0,1,0,0,0,0,1,0
2,5,1957,2,2,289384,1040,0,0,0,0,0,1,0,0,0,0,1
3,5,2003,2,1,694696,1747,0,0,0,0,0,1,0,0,0,0,1
3,3,2011,1,1,359486,1250,0,0,0,0,1,0,0,0,0,0,1
1,3,1913,1,1,179120,1006,0,0,0,0,0,1,0,0,0,1,0
4,5,1921,1,2,293163,1907,0,0,0,0,1,0,0,0,0,0,1
3,4,2022,2,1,850726,1592,0,0,0,0,0,1,0,0,0,1,0
1,1,2013,1,1,148926,581,1,0,0,0,0,0,0,0,0,0,1
2,3,2009,1,1,331320,1233,0,0,0,0,0,0,1,0,0,0,1
3,5,1980,2,1,484036,1313,0,0,0,0,0,1,0,0,0,0,1
1,3,1927,1,1,180107,1161,0,0,0,0,0,1,0,0,0,1,0
3,3,2021,2,1,615393,1941,0,0,0,0,1,0,0,0,0,0,1
2,2,2004,1,1,248230,1176,0,0,0,0,1,0,0,0,0,0,1
2,5,1952,1,2,227847,1224,0,0,0,0,0,1,0,0,0,1,0
2,2,1920,1,1,320053,1053,0,0,0,0,0,1,0,0,0,1,0
2,4,1979,1,1,319592,1059,0,0,0,0,0,1,0,0,0,1,0
3,3,1975,1,1,339331,1605,0,0,0,0,1,0,0,0,0,1,0
4,4,2014,2,2,380625,1450,0,0,0,0,1,0,0,0,0,0,1
1,3,1972,2,1,258995,850,0,0,0,0,0,1,0,0,0,0,1
1,2,2013,2,1,207562,880,0,0,0,0,0,0,1,0,0,1,0
3,3,2015,2,1,415358,1471,0,0,0,0,1,0,0,0,0,1,0
2,3,1915,1,1,330734,921,0,0,0,0,1,0,0,0,0,0,1
1,2,1985,1,1,239803,943,1,0,0,0,0,0,0,0,0,0,1
4,5,2015,1,2,520799,1458,0,0,0,0,1,0,0,0,0,1,0
1,1,1971,1,1,149951,650,1,0,0,0,0,0,0,0,0,1,0
1,2,1957,1,1,189252,711,0,0,0,0,0,1,0,0,0,1,0
3,5,1967,1,2,397202,930,0,0,0,0,0,1,0,0,0,0,1
2,3,1964,1,1,335381,1608,0,1,0,0,0,0,0,0,0,1,0
1,3,1975,1,1,258358,853,0,0,0,0,0,1,0,0,0,1,0
2,3,2015,1,1,333644,1245,0,0,0,0,1,0,0,0,0,0,1
1,2,1979,1,1,89213,825,1,0,0,0,0,0,0,0,0,1,0
4,5,2015,2,3,425561,2584,0,0,0,0,1,0,0,0,0,1,0
3,3,2025,2,1,496776,1657,0,0,0,0,1,0,0,0,0,0,1
3,3,2011,2,1,798820,1509,0,0,0,0,0,1,0,0,0,1,0
4,3,2010,2,1,591559,1840,0,0,0,0,1,0,0,0,0,0,1
2,4,2023,2,2,349699,827,0,0,0,0,0,1,0,0,0,1,0
2,5,1959,2,1,448153,1192,0,0,0,0,0,1,0,0,0,1,0
1,2,1966,1,1,133505,854,1,0,0,0,0,0,0,0,0,1,0
3,3,2024,2,1,824594,2275,0,0,0,0,1,0,0,0,0,0,1
3,4,1982,2,1,551549,2700,0,0,0,0,1,0,0,0,0,0,1
3,2,2016,1,1,359379,1000,0,0,0,0,1,0,0,0,0,0,1
2,4,2014,2,2,250427,905,0,0,0,0,0,1,0,0,0,1,0
4,4,2003,2,2,525162,1841,0,0,0,0,1,0,0,0,0,0,1
4,3,2020,1,1,428513,1151,0,0,0,0,1,0,0,0,0,0,1
1,3,1942,1,1,273312,651,0,0,0,0,0,1,0,0,0,0,1
2,3,1986,2,1,141415,1399,1,0,0,0,0,0,0,0,0,1,0
4,4,1964,1,1,330261,1610,0,0,0,0,0,1,0,0,0,1,0
4,4,2007,2,1,475798,1553,0,0,0,0,1,0,0,0,0,0,1
2,3,1986,2,1,143153,1399,1,0,0,0,0,0,0,0,0,1,0
3,4,1960,1,1,699111,2052,0,0,0,0,0,1,0,0,0,1,0
1,2,2006,1,1,211818,872,1,0,0,0,0,0,0,0,0,0,1
2,3,1973,2,1,371157,1248,0,0,0,0,0,1,0,0,0,1,0
3,5,1971,3,1,486994,1776,0,0,0,0,0,1,0,0,0,1,0
2,5,1978,2,1,286561,993,0,0,0,0,0,1,0,0,0,1,0
2,4,1929,1,1,269427,1120,0,1,0,0,0,0,0,0,0,1,0
2,2,2005,1,1,252932,992,1,0,0,0,0,0,0,0,0,1,0
1,2,1958,1,1,170006,783,0,0,0,0,0,1,0,0,0,1,0
4,4,2007,2,1,473628,1553,0,0,0,0,1,0,0,0,0,0,1
1,3,1977,0,1,34356,1010,0,0,1,0,0,0,0,0,0,0,1
2,3,1986,2,1,310159,965,0,0,0,0,0,1,0,0,0,1,0
2,5,1974,1,2,351040,807,0,0,0,0,0,1,0,0,0,0,1
3,3,2014,2,1,229443,1235,0,0,0,0,1,0,0,0,0,1,0
2,5,1957,1,1,540906,1581,0,0,0,0,1,0,0,0,0,0,1
4,5,2011,3,1,2248311,3351,0,0,0,0,0,1,0,0,0,0,1
2,3,1924,1,1,99541,1040,0,0,0,0,1,0,0,0,0,1,0
1,3,1958,2,1,218055,950,0,0,0,0,0,1,0,0,0,0,1
1,2,1999,1,1,201897,1102,1,0,0,0,0,0,0,0,0,1,0
3,3,2024,2,1,699830,1619,0,0,0,0,1,0,0,0,0,0,1
3,3,1969,1,1,330639,1040,0,0,0,0,0,1,0,0,0,0,1
1,1,1976,1,1,96246,796,1,0,0,0,0,0,0,0,0,1,0
1,3,1947,1,1,224853,982,0,0,0,0,0,1,0,0,0,1,0
3,5,1929,1,2,476198,2164,0,0,0,0,1,0,0,0,0,0,1
2,4,2024,1,1,374768,1459,0,0,0,0,1,0,0,0,0,0,1
3,2,2010,1,1,350797,1222,0,0,0,0,1,0,0,0,0,1,0
4,5,2019,3,3,2300361,3448,0,0,0,0,1,0,0,0,0,1,0
2,3,1956,1,1,198904,677,0,0,0,0,0,1,0,0,0,1,0
2,3,1983,2,1,350428,952,0,0,0,0,0,1,0,0,0,1,0
3,3,2024,2,1,443885,1485,0,0,0,0,1,0,0,0,0,1,0
2,2,2012,1,1,263083,909,0,0,0,0,1,0,0,0,0,1,0
4,4,2014,3,1,713475,2161,0,0,0,0,1,0,0,0,0,1,0
3,3,1950,1,1,573656,2067,0,0,0,0,1,0,0,0,0,1,0
3,4,1980,2,1,599916,1922,0,0,0,0,1,0,0,0,0,0,1
3,5,1972,1,1,341885,1120,0,0,0,0,0,1,0,0,0,0,1
3,3,1957,2,1,388280,1288,0,0,0,0,0,1,0,0,0,1,0
1,2,1983,1,1,153960,884,1,0,0,0,0,0,0,0,0,0,1
2,4,1963,1,1,246721,1060,0,0,0,0,0,1,0,0,0,1,0
4,5,1914,1,3,431824,1696,0,0,0,0,1,0,0,0,0,0,1
2,2,1996,1,1,390949,1132,1,0,0,0,0,0,0,0,0,0,1
4,5,2012,2,1,739335,2305,0,0,0,0,1,0,0,0,0,0,1
2,4,1921,0,2,248568,1230,0,0,0,0,0,1,0,0,0,0,1
3,3,1978,2,1,341720,1259,0,0,0,0,0,1,0,0,0,0,1
4,5,1964,1,3,598299,1416,0,0,0,0,0,1,0,0,0,0,1
2,1,1912,1,1,381015,1518,0,0,0,0,0,0,0,0,1,0,1
4,5,2020,2,2,720261,1463,0,0,0,0,0,1,0,0,0,0,1
2,3,2014,1,1,331264,1265,0,0,0,0,1,0,0,0,0,0,1
1,3,1948,1,1,186727,732,0,0,0,0,0,1,0,0,0,1,0
3,2,1996,1,1,471097,1582,0,0,0,0,1,0,0,0,0,0,1
4,4,1979,2,1,629577,2405,0,0,0,0,1,0,0,0,0,0,1
3,2,2003,2,1,358855,1066,0,0,0,0,0,0,1,0,0,1,0
1,2,1959,1,1,268441,768,0,0,0,0,0,1,0,0,0,1,0
1,2,1984,1,1,197073,969,1,0,0,0,0,0,0,0,0,0,1
4,4,1973,2,1,550728,1596,0,0,0,0,1,0,0,0,0,1,0
4,4,2022,2,1,450621,1450,0,0,0,0,1,0,0,0,0,0,1
2,2,2015,1,1,431338,1261,1,0,0,0,0,0,0,0,0,0,1
3,3,1927,2,1,338041,1403,0,0,0,0,1,0,0,0,0,1,0
2,4,1962,2,1,286241,1000,0,0,0,0,0,1,0,0,0,1,0
1,2,1982,1,1,216567,852,0,0,0,0,0,0,1,0,0,0,1
3,4,1988,2,1,510872,1167,0,0,0,0,0,1,0,0,0,0,1
3,3,2025,1,1,624239,1628,0,0,0,0,1,0,0,0,0,0,1
2,4,1971,2,2,282229,1196,0,0,0,0,0,1,0,0,0,1,0
1,3,1963,1,1,152871,954,0,0,0,0,1,0,0,0,0,1,0
2,2,2019,1,1,749459,1132,1,0,0,0,0,0,0,0,0,0,1
1,2,1999,1,1,210008,911,1,0,0,0,0,0,0,0,0,1,0
1,1,1979,2,1,74153,603,1,0,0,0,0,0,0,0,0,1,0
2,2,1925,1,1,158149,894,0,0,0,0,0,1,0,0,0,1,0
1,2,1976,1,1,150970,832,0,0,0,0,0,0,1,0,0,1,0
2,4,1963,1,2,318252,1071,0,0,0,0,0,1,0,0,0,1,0
4,4,2012,2,1,440651,1424,0,0,0,0,1,0,0,0,0,1,0
3,3,2024,2,1,571208,1657,0,0,0,0,1,0,0,0,0,1,0
3,3,2024,2,1,484918,1420,0,0,0,0,1,0,0,0,0,0,1
2,1,1970,1,1,321493,1260,0,0,0,0,0,0,0,0,1,0,1
4,4,2016,2,1,1551413,2887,0,0,0,0,1,0,0,0,0,0,1
1,1,1971,1,1,150941,650,1,0,0,0,0,0,0,0,0,1,0
2,2,1999,1,1,470672,1151,1,0,0,0,0,0,0,0,0,0,1
2,3,1965,1,1,220886,1120,0,0,0,0,1,0,0,0,0,0,1
1,2,1965,2,1,330553,1440,0,1,0,0,0,0,0,0,0,1,0
2,3,1973,2,1,125589,1034,0,0,0,0,1,0,0,0,0,1,0
2,4,2010,1,2,329759,1020,0,0,0,0,0,1,0,0,0,1,0
2,5,1962,2,2,373818,1050,0,0,0,0,0,1,0,0,0,1,0
4,4,2020,2,1,599970,1473,0,0,0,0,1,0,0,0,0,0,1
2,4,1929,2,1,192006,870,0,0,0,0,0,1,0,0,0,1,0
3,3,1961,1,1,429901,1798,0,0,0,0,0,1,0,0,0,1,0
3,4,2016,3,1,453917,1672,0,0,0,0,1,0,0,0,0,0,1
4,4,2003,2,2,526780,1841,0,0,0,0,1,0,0,0,0,0,1
2,3,2003,0,1,280172,1124,0,0,0,0,1,0,0,0,0,0,1
1,2,1942,2,1,111823,1050,0,0,0,0,0,1,0,0,0,1,0
1,2,1921,1,1,270160,816,0,0,0,0,0,1,0,0,0,1,0
3,4,2021,2,1,757218,1507,0,0,0,0,0,1,0,0,0,0,1
1,2,1965,2,1,329017,1440,0,1,0,0,0,0,0,0,0,1,0
2,2,2011,1,1,278255,1001,1,0,0,0,0,0,0,0,0,0,1
2,3,1987,0,1,263078,600,0,0,0,0,0,0,1,0,0,0,1
3,4,1995,2,1,450949,1298,0,0,0,0,0,1,0,0,0,1,0
1,1,1987,1,1,89130,570,1,0,0,0,0,0,0,0,0,1,0
3,4,2017,2,1,738225,1916,0,0,0,0,0,1,0,0,0,1,0
2,2,1933,2,1,216627,830,0,0,0,0,0,1,0,0,0,1,0
3,4,1994,2,1,588377,1882,0,0,0,0,0,1,0,0,0,0,1
4,3,2010,2,1,588319,1840,0,0,0,0,1,0,0,0,0,0,1
1,4,1969,1,1,279762,913,0,0,0,0,0,1,0,0,0,0,1
2,4,1964,1,1,331798,1178,0,0,0,0,0,1,0,0,0,1,0
2,2,2020,1,1,476894,1205,1,0,0,0,0,0,0,0,0,1,0
3,4,1987,2,1,510815,1632,0,0,0,0,0,1,0,0,0,1,0
2,2,2019,1,1,749833,1132,1,0,0,0,0,0,0,0,0,0,1
2,2,2012,2,1,309489,829,0,0,0,0,0,0,1,0,0,1,0
2,1,2018,1,1,278862,827,0,0,0,0,1,0,0,0,0,0,1
3,4,1996,2,1,496195,1759,0,0,0,0,1,0,0,0,0,0,1
2,3,1964,3,1,410650,872,0,0,0,0,0,1,0,0,0,0,1
3,3,2024,1,1,683296,1639,0,0,0,0,1,0,0,0,0,0,1
2,2,1999,2,1,281684,1065,1,0,0,0,0,0,0,0,0,1,0
4,4,1986,2,1,550602,1700,0,0,0,0,1,0,0,0,0,0,1
3,3,2011,2,1,899028,1703,0,0,0,0,0,1,0,0,0,0,1
2,3,1920,2,1,363294,1386,0,0,0,0,1,0,0,0,0,1,0
4,4,2015,2,2,501614,1434,0,0,0,0,1,0,0,0,0,1,0
1,3,1970,1,1,273657,1150,0,0,0,0,0,1,0,0,0,1,0
3,3,2023,2,1,629589,1573,0,0,0,0,1,0,0,0,0,0,1
2,3,1926,2,1,315099,1460,0,0,0,0,1,0,0,0,0,1,0
2,4,1931,1,1,322949,2016,0,0,0,0,1,0,0,0,0,0,1
2,5,1977,2,2,401363,1026,0,0,0,0,0,1,0,0,0,0,1
2,2,2013,1,1,299837,926,1,0,0,0,0,0,0,0,0,1,0
1,1,2014,1,1,180891,614,1,0,0,0,0,0,0,0,0,1,0
1,2,1968,1,1,278185,941,1,0,0,0,0,0,0,0,0,0,1
2,4,1962,2,1,371259,1210,0,0,0,0,0,1,0,0,0,1,0
1,3,1927,0,1,136891,720,0,0,0,0,0,1,0,0,0,0,1
2,3,1985,1,1,166226,1057,1,0,0,0,0,0,0,0,0,1,0
1,5,1908,1,1,257511,1705,0,0,0,0,1,0,0,0,0,1,0
2,2,2012,2,1,209439,958,0,0,0,0,0,0,1,0,0,1,0
2,3,1982,2,2,280372,1080,0,0,0,0,0,1,0,0,0,0,1
2,3,1983,1,1,209419,1313,0,0,0,0,0,0,1,0,0,0,1
2,2,1990,1,2,182577,1453,1,0,0,0,0,0,0,0,0,1,0
4,5,1983,2,2,625275,2620,0,0,0,0,0,1,0,0,0,0,1
1,2,1979,1,1,171546,990,1,0,0,0,0,0,0,0,0,1,0
4,5,1981,2,1,786135,2381,0,0,0,0,1,0,0,0,0,0,1
4,5,2010,2,1,534691,1573,0,0,0,0,1,0,0,0,0,0,1
2,3,1987,0,1,261171,600,0,0,0,0,0,0,1,0,0,0,1
2,3,1988,1,1,341466,808,0,0,0,0,0,1,0,0,0,0,1
2,2,2023,1,1,250368,1004,0,0,0,0,1,0,0,0,0,0,1
2,4,1974,2,1,400807,1668,0,0,0,0,0,1,0,0,0,1,0
4,4,2015,2,1,889977,2455,0,0,0,0,1,0,0,0,0,0,1
3,3,2010,2,1,627906,1987,0,0,0,0,1,0,0,0,0,1,0
2,2,2007,1,1,418392,1081,1,0,0,0,0,0,0,0,0,0,1
2,5,1949,1,2,210545,1072,0,0,0,0,0,1,0,0,0,1,0
4,5,2005,3,1,2100906,2868,0,0,0,0,1,0,0,0,0,0,1
2,4,1912,1,2,275769,1661,0,0,0,0,1,0,0,0,0,1,0
2,3,1984,1,1,600766,2130,1,0,0,0,0,0,0,0,0,0,1
2,5,1957,1,2,309166,1152,0,0,0,0,0,1,0,0,0,0,1
1,2,2006,1,1,216765,872,1,0,0,0,0,0,0,0,0,0,1
2,2,1990,1,2,183850,1453,1,0,0,0,0,0,0,0,0,1,0
2,4,1956,1,2,367330,816,0,0,0,0,0,1,0,0,0,0,1
2,5,1974,1,1,309956,1076,0,0,0,0,0,1,0,0,0,1,0
1,1,1912,1,1,178452,530,0,0,0,0,0,1,0,0,0,0,1
2,3,2009,2,1,287884,1083,0,0,0,0,0,0,1,0,0,0,1
1,1,1914,1,1,27956,622,0,0,0,0,0,1,0,0,0,1,0
1,4,1912,1,1,334508,1240,0,0,0,0,1,0,0,0,0,1,0
2,5,1963,1,2,299555,960,0,0,0,0,0,1,0,0,0,0,1
2,2,2012,1,1,264830,909,0,0,0,0,1,0,0,0,0,1,0
2,3,2011,2,1,369917,856,0,0,0,0,0,1,0,0,0,1,0
4,5,2013,2,2,614728,1460,0,0,0,0,0,1,0,0,0,0,1
2,3,1965,2,1,326479,1340,0,0,0,0,0,1,0,0,0,1,0
2,4,1960,2,1,318214,947,0,0,0,0,0,1,0,0,0,0,1
4,5,2016,2,1,997264,2183,0,0,0,0,1,0,0,0,0,0,1
2,3,2024,2,1,550756,1415,0,0,0,0,0,1,0,0,0,1,0
2,2,1986,2,1,350764,1218,0,0,0,0,0,1,0,0,0,1,0
2,3,1973,2,1,338141,1040,0,0,0,0,0,1,0,0,0,1,0
1,2,1947,1,1,124028,730,0,0,0,0,0,1,0,0,0,1,0
4,5,1990,2,1,969662,4436,0,0,0,0,1,0,0,0,0,1,0
2,4,1945,1,1,303377,792,0,0,0,0,0,1,0,0,0,1,0
2,3,1926,2,1,315499,1460,0,0,0,0,1,0,0,0,0,1,0
2,2,2016,1,1,266192,942,0,0,0,0,0,0,1,0,0,1,0
2,4,1983,2,1,330603,832,0,0,0,0,0,1,0,0,0,1,0
4,5,2024,2,1,948727,2241,0,0,0,0,1,0,0,0,0,1,0
3,4,1929,2,3,201748,1240,0,0,0,0,1,0,0,0,0,1,0
3,5,1974,1,1,276615,1124,0,0,0,0,0,1,0,0,0,1,0
2,5,1962,2,2,373055,1050,0,0,0,0,0,1,0,0,0,1,0
4,5,2009,2,1,839156,1968,0,0,0,0,1,0,0,0,0,1,0
2,5,1959,2,1,430614,1066,0,0,0,0,0,1,0,0,0,0,1
1,3,1977,2,1,149710,998,0,0,0,0,0,0,1,0,0,1,0
3,3,2024,1,1,504540,1526,0,0,0,0,1,0,0,0,0,0,1
1,3,1920,1,1,156323,784,0,0,0,0,0,1,0,0,0,1,0
1,2,1967,1,1,188285,1008,0,0,0,0,0,0,1,0,0,0,1
2,3,1956,1,1,198997,677,0,0,0,0,0,1,0,0,0,1,0
3,3,2024,2,1,501609,1523,0,0,0,0,1,0,0,0,0,0,1
1,2,1910,1,1,113464,648,0,0,0,0,0,1,0,0,0,1,0
1,4,1913,1,1,410186,1431,0,0,0,0,1,0,0,0,0,1,0
1,1,1962,2,1,151248,640,0,0,0,0,0,1,0,0,0,1,0
3,2,1913,2,1,416034,2058,0,0,0,0,0,0,0,0,1,1,0
3,3,2024,1,1,528464,1695,0,0,0,0,1,0,0,0,0,0,1
2,3,2017,1,1,300085,1026,0,0,0,0,1,0,0,0,0,1,0
3,4,1979,1,1,350198,1120,0,0,0,0,0,1,0,0,0,1,0
3,3,2024,2,1,545750,1624,0,0,0,0,1,0,0,0,0,1,0
2,4,1960,2,1,319711,947,0,0,0,0,0,1,0,0,0,0,1
2,3,1912,1,1,348806,1284,0,0,0,0,1,0,0,0,0,0,1
3,5,1976,2,1,1573374,2144,0,0,0,0,0,1,0,0,0,0,1
2,2,2013,2,1,260068,1114,0,0,0,0,0,0,1,0,0,0,1
3,4,2003,2,1,690131,1651,0,0,0,0,0,1,0,0,0,0,1
2,4,1945,1,1,303980,792,0,0,0,0,0,1,0,0,0,1,0
4,4,1992,2,1,564169,2095,0,0,0,0,1,0,0,0,0,1,0
2,1,1960,1,1,323699,1292,1,0,0,0,0,0,0,0,0,0,1
2,4,2013,1,1,216096,960,0,0,0,0,0,0,1,0,0,0,1
2,4,1958,1,2,421743,1020,0,0,0,0,0,1,0,0,0,0,1
2,4,2010,1,2,330349,1020,0,0,0,0,0,1,0,0,0,1,0
3,4,2014,2,1,431329,1280,0,0,0,0,1,0,0,0,0,1,0
4,4,2024,2,2,469881,1250,0,0,0,0,1,0,0,0,0,1,0
3,3,2016,2,1,523985,1509,0,0,0,0,1,0,0,0,0,1,0
4,4,2013,1,1,434491,1803,0,0,0,0,1,0,0,0,0,0,1
2,4,1953,1,1,340176,1008,0,0,0,0,0,1,0,0,0,1,0
2,3,1972,2,1,238787,875,0,0,0,0,0,1,0,0,0,1,0
4,5,1921,1,2,293769,1907,0,0,0,0,1,0,0,0,0,0,1
2,2,1987,1,1,188528,980,1,0,0,0,0,0,0,0,0,1,0
2,2,1948,2,1,300735,1340,0,0,0,0,1,0,0,0,0,0,1
4,4,2014,3,1,1225773,2495,0,0,0,0,1,0,0,0,0,0,1
4,4,1983,2,1,689006,2000,0,0,0,0,1,0,0,0,0,0,1
4,4,1978,2,1,796551,2522,0,0,0,0,1,0,0,0,0,0,1
4,5,2006,2,1,700998,2302,0,0,0,0,1,0,0,0,0,1,0
1,1,1950,0,1,240776,540,0,0,0,0,0,1,0,0,0,0,1
2,3,1971,2,1,381664,867,0,0,0,0,0,1,0,0,0,0,1
1,1,1969,1,1,148569,640,1,0,0,0,0,0,0,0,0,0,1
4,4,2024,2,2,526287,1482,0,0,0,0,1,0,0,0,0,1,0
2,3,2003,1,1,180880,742,0,0,0,0,0,0,1,0,0,0,1
2,5,1927,1,2,300290,1160,0,0,0,0,0,1,0,0,0,0,1
3,3,1975,2,1,250656,1593,0,0,0,0,1,0,0,0,0,1,0
4,5,2002,3,1,1267636,3300,0,0,0,0,1,0,0,0,0,1,0
2,2,2004,1,1,450074,1348,1,0,0,0,0,0,0,0,0,0,1
1,2,2017,2,1,239036,911,1,0,0,0,0,0,0,0,0,0,1
2,2,2012,1,1,260243,1136,0,0,0,0,1,0,0,0,0,1,0
1,3,1977,2,1,150640,998,0,0,0,0,0,0,1,0,0,1,0
4,4,2015,2,1,581424,1485,0,0,0,0,1,0,0,0,0,0,1
2,2,2012,1,1,338991,1055,1,0,0,0,0,0,0,0,0,1,0
1,3,1947,2,1,286884,1056,0,0,0,0,0,1,0,0,0,0,1
4,4,2024,2,2,524386,1482,0,0,0,0,1,0,0,0,0,1,0
3,3,2019,2,1,520525,1628,0,0,0,0,1,0,0,0,0,0,1
2,3,1955,2,1,349109,1044,0,0,0,0,0,1,0,0,0,1,0
2,3,1961,1,1,310154,923,0,0,0,0,0,1,0,0,0,0,1
2,4,1952,1,2,319798,963,0,0,0,0,0,1,0,0,0,0,1
2,2,1994,1,1,264948,1378,1,0,0,0,0,0,0,0,0,1,0
3,5,2003,2,1,696092,1747,0,0,0,0,0,1,0,0,0,0,1
2,2,1985,1,1,485398,1616,0,0,0,0,0,0,1,0,0,0,1
2,2,1984,1,1,413961,1320,0,0,0,0,0,0,1,0,0,0,1
2,2,1990,1,1,381210,1798,1,0,0,0,0,0,0,0,0,1,0
4,4,2017,2,1,1400960,1923,0,0,0,0,0,1,0,0,0,0,1
3,4,2022,2,1,850431,1592,0,0,0,0,0,1,0,0,0,1,0
4,5,2004,2,2,780326,2036,0,0,0,0,1,0,0,0,0,0,1
1,2,1983,1,1,166566,877,1,0,0,0,0,0,0,0,0,0,1
2,4,1963,1,1,244284,1060,0,0,0,0,0,1,0,0,0,1,0
2,2,2012,1,1,308928,1087,1,0,0,0,0,0,0,0,0,1,0
2,2,1983,1,1,194813,980,1,0,0,0,0,0,0,0,0,0,1
4,5,1964,1,3,599224,1416,0,0,0,0,0,1,0,0,0,0,1
1,2,1968,1,1,145604,990,1,0,0,0,0,0,0,0,0,0,1
1,1,2016,1,1,240572,686,1,0,0,0,0,0,0,0,0,0,1
2,3,1984,1,1,598526,2130,1,0,0,0,0,0,0,0,0,0,1